item_id::string,abstract::string,producer::string,distributor::string,writer::string,cinematography::string,subject::string,starring::string,director::string
0,"Avengers: Age of Ultron is a 2015 American superhero film based on the Marvel Comics superhero team the Avengers. Produced by Marvel Studios and distributed by Walt Disney Studios Motion Pictures, it is the sequel to The Avengers (2012) and the 11th film in the Marvel Cinematic Universe (MCU). Written and directed by Joss Whedon, the film features an ensemble cast including Robert Downey Jr., Chris Hemsworth, Mark Ruffalo, Chris Evans, Scarlett Johansson, Jeremy Renner, Don Cheadle, Aaron Taylor-Johnson, Elizabeth Olsen, Paul Bettany, Cobie Smulders, Anthony Mackie, Hayley Atwell, Idris Elba, Linda Cardellini, Stellan Skarsgård, James Spader, and Samuel L. Jackson. In the film, the Avengers fight Ultron, an artificial intelligence accidentally created by Tony Stark (Downey) and Bruce Banner (Ruffalo) with the goal of causing human extinction. The sequel was announced in May 2012 after the successful release of The Avengers, with Whedon set to return as writer and director in August. Whedon updated Ultron's origin for the film to involve the MCU's Avengers team, and introduced the characters Pietro and Wanda Maximoff to whom Marvel shared the rights with 20th Century Fox. Casting began in June 2013 with the re-signing of Downey. Second unit filming began in February 2014 in South Africa with principal photography taking place between March and August, primarily at Shepperton Studios in Surrey, England. Additional footage was filmed in Italy, South Korea, Bangladesh, the state of New York, and around England. With an estimated net production budget of $365 million, the film is the second most expensive film ever made. Avengers: Age of Ultron premiered in Los Angeles on April 13, 2015, and was released in the United States on May 1, 2015, as part of Phase Two of the MCU. The film received generally positive reviews from critics and grossed over $1.4 billion worldwide, becoming the fourth-highest-grossing film of 2015 and the fifth-highest-grossing film of all time during its run. Two sequels have been released: Avengers: Infinity War (2018) and Avengers: Endgame (2019).",http://dbpedia.org/resource/Kevin_Feige,http://dbpedia.org/resource/Walt_Disney_Studios_Motion_Pictures,http://dbpedia.org/resource/Joss_Whedon,http://dbpedia.org/resource/Ben_Davis_(cinematographer),http://dbpedia.org/resource/Category:2010s_American_films::http://dbpedia.org/resource/Category:2010s_English-language_films::http://dbpedia.org/resource/Category:2010s_action_adventure_films::http://dbpedia.org/resource/Category:2010s_science_fiction_adventure_films::http://dbpedia.org/resource/Category:2010s_superhero_films::http://dbpedia.org/resource/Category:2015_3D_films::http://dbpedia.org/resource/Category:2015_science_fiction_action_films::http://dbpedia.org/resource/Category:American_3D_films::http://dbpedia.org/resource/Category:American_action_adventure_films::http://dbpedia.org/resource/Category:American_robot_films::http://dbpedia.org/resource/Category:American_science_fiction_action_films::http://dbpedia.org/resource/Category:American_science_fiction_adventure_films::http://dbpedia.org/resource/Category:American_science_fiction_war_films::http://dbpedia.org/resource/Category:American_sequel_films::http://dbpedia.org/resource/Category:Android_(robot)_films::http://dbpedia.org/resource/Category:Avengers_(film_series)::http://dbpedia.org/resource/Category:Drone_films::http://dbpedia.org/resource/Category:Films_about_artificial_intelligence::http://dbpedia.org/resource/Category:Films_about_impact_events::http://dbpedia.org/resource/Category:Films_about_mind_control::http://dbpedia.org/resource/Category:Films_about_telekinesis::http://dbpedia.org/resource/Category:Films_directed_by_Joss_Whedon::http://dbpedia.org/resource/Category:Films_scored_by_Brian_Tyler::http://dbpedia.org/resource/Category:Films_scored_by_Danny_Elfman::http://dbpedia.org/resource/Category:Films_set_in_2015::http://dbpedia.org/resource/Category:Films_set_in_London::http://dbpedia.org/resource/Category:Films_set_in_New_York_(state)::http://dbpedia.org/resource/Category:Films_set_in_New_York_City::http://dbpedia.org/resource/Category:Films_set_in_Norway::http://dbpedia.org/resource/Category:Films_set_in_Seoul::http://dbpedia.org/resource/Category:Films_set_in_South_Africa::http://dbpedia.org/resource/Category:Films_set_in_a_fictional_country::http://dbpedia.org/resource/Category:Films_shot_at_Shepperton_Studios::http://dbpedia.org/resource/Category:Films_shot_in_Aosta_Valley::http://dbpedia.org/resource/Category:Films_shot_in_Chittagong_Division::http://dbpedia.org/resource/Category:Films_shot_in_Gauteng::http://dbpedia.org/resource/Category:Films_shot_in_Gyeonggi_Province::http://dbpedia.org/resource/Category:Films_shot_in_Hampshire::http://dbpedia.org/resource/Category:Films_shot_in_Kent::http://dbpedia.org/resource/Category:Films_shot_in_London::http://dbpedia.org/resource/Category:Films_shot_in_New_York_(state)::http://dbpedia.org/resource/Category:Films_shot_in_Norfolk::http://dbpedia.org/resource/Category:Films_shot_in_Seoul::http://dbpedia.org/resource/Category:Films_using_motion_capture::http://dbpedia.org/resource/Category:Films_with_screenplays_by_Joss_Whedon::http://dbpedia.org/resource/Category:IMAX_films::http://dbpedia.org/resource/Category:Marvel_Cinematic_Universe:_Phase_Two_films::http://dbpedia.org/resource/Category:Superhero_crossover_films::http://dbpedia.org/resource/Category:Twins_in_American_films,http://dbpedia.org/resource/Aaron_Taylor-Johnson::http://dbpedia.org/resource/Anthony_Mackie::http://dbpedia.org/resource/Chris_Evans_(actor)::http://dbpedia.org/resource/Chris_Hemsworth::http://dbpedia.org/resource/Cobie_Smulders::http://dbpedia.org/resource/Don_Cheadle::http://dbpedia.org/resource/Elizabeth_Olsen::http://dbpedia.org/resource/Hayley_Atwell::http://dbpedia.org/resource/Idris_Elba::http://dbpedia.org/resource/James_Spader::http://dbpedia.org/resource/Jeremy_Renner::http://dbpedia.org/resource/Linda_Cardellini::http://dbpedia.org/resource/Mark_Ruffalo::http://dbpedia.org/resource/Paul_Bettany::http://dbpedia.org/resource/Robert_Downey_Jr.::http://dbpedia.org/resource/Samuel_L._Jackson::http://dbpedia.org/resource/Scarlett_Johansson::http://dbpedia.org/resource/Stellan_Skarsgård,http://dbpedia.org/resource/Joss_Whedon
9,"Journey to the West: Conquering the Demons (Chinese: 西遊·降魔篇) is a 2013 fantasy comedy film co-written and produced by Stephen Chow and co-directed by Chow and Derek Kwok. The movie was first announced in July 2011 and was released on February 10, 2013 in China. The film is a loose comedic re-interpretation of the 16th-century novel Journey to the West, a Chinese literary classic often believed to be written by Wu Cheng'en. A sequel, Journey to the West: The Demons Strike Back, written and produced by Chow and directed by Tsui Hark, was released on January 28, 2017.",http://dbpedia.org/resource/Stephen_Chow,,http://dbpedia.org/resource/Derek_Kwok::http://dbpedia.org/resource/Stephen_Chow,,http://dbpedia.org/resource/Category:2010s_Hong_Kong_films::http://dbpedia.org/resource/Category:2010s_Mandarin-language_films::http://dbpedia.org/resource/Category:2010s_fantasy_comedy_films::http://dbpedia.org/resource/Category:2013_comedy_films::http://dbpedia.org/resource/Category:2013_films::http://dbpedia.org/resource/Category:Chinese_fantasy_comedy_films::http://dbpedia.org/resource/Category:Demons_in_film::http://dbpedia.org/resource/Category:Films_based_on_Journey_to_the_West::http://dbpedia.org/resource/Category:Films_directed_by_Derek_Kwok::http://dbpedia.org/resource/Category:Films_directed_by_Stephen_Chow::http://dbpedia.org/resource/Category:Hong_Kong_action_comedy_films::http://dbpedia.org/resource/Category:Hong_Kong_fantasy_comedy_films::http://dbpedia.org/resource/Category:IMAX_films::http://dbpedia.org/resource/Category:Village_Roadshow_Pictures_films,http://dbpedia.org/resource/Chrissie_Chau::http://dbpedia.org/resource/Huang_Bo::http://dbpedia.org/resource/Show_Lo::http://dbpedia.org/resource/Shu_Qi::http://dbpedia.org/resource/Wen_Zhang,http://dbpedia.org/resource/Derek_Kwok::http://dbpedia.org/resource/Stephen_Chow
17,"The Continent (simplified Chinese: 后会无期; traditional Chinese: 後會無期) is a 2014 Chinese road-trip comedy film written directed by Han Han. The film was released on July 24, 2014. This movie was produced by Beijing Lorry Ltd, Hangzhou Guomai Media Ltd, and Bona Film Group Ltd. Han Han, a famous youth novelist in mainland China, served as both this movie's screenwriter and director. The film stars William Feng and Bolin Chen in the leading roles. Production began on February 14, 2014 and wrapped on May 26, 2014. The production team scouted from five locations for filming, which included Shanghai, Xichang, Chifeng, Mount Putuo in Zhoushan, and Dongji Island. One of the leads, William Feng, was injured when the filming process was nearly finished. The film premiered in mainland China on July 24, 2014.",,,http://dbpedia.org/resource/Han_Han,,http://dbpedia.org/resource/Category:2010s_adventure_comedy-drama_films::http://dbpedia.org/resource/Category:2014_comedy_films::http://dbpedia.org/resource/Category:2014_directorial_debut_films::http://dbpedia.org/resource/Category:2014_drama_films::http://dbpedia.org/resource/Category:2014_films::http://dbpedia.org/resource/Category:2014_romantic_comedy-drama_films::http://dbpedia.org/resource/Category:Chinese_adventure_comedy-drama_films::http://dbpedia.org/resource/Category:Chinese_romantic_comedy-drama_films,http://dbpedia.org/resource/Bolin_Chen::http://dbpedia.org/resource/Feng_Shaofeng::http://dbpedia.org/resource/Joe_Chen::http://dbpedia.org/resource/Wallace_Chung::http://dbpedia.org/resource/Wang_Luodan::http://dbpedia.org/resource/Yuan_Quan,http://dbpedia.org/resource/Han_Han
26,"Your Name is Justine (Polish: Masz na imię Justine) is a 2005 Luxembourgish film directed by Franco de Peña. De Peña had originally wanted to produce the film in Germany, but when he was unable to garner enough funds, he came to Luxembourg. The film was co-produced by Luxembourg Hemisphere Films and Polish Opus Film, and shot primarily in Luxembourg with the aid of numerous local technicians. As a result of the multifaceted production, the dialogue of the movie is in English, German and Polish. The plot of the story revolves around a girl called Mariola (Anna Cieslak), who is forced into prostitution in Berlin, and attempts to hold on to her sense of self despite being exploited by those around her. The film was Luxembourg's submission to the 79th Academy Awards for the Academy Award for Best Foreign Language Film. Although previous submissions (such as Italy's Private) had been rejected due to not being in the official language of the country, the Academy removed the requirement for the 79th Academy Awards, allowing Your Name is Justine and other films such as Canada's Water (which contained only Hindi dialogue) to be submitted. However, the film was rejected by the Academy of Motion Picture Arts and Sciences before the formal review process. The Academy determined that there was not enough creative contribution from Luxembourg to qualify under the Academy's requirements, which stress that a ""submitting country must certify that creative talent of that country exercised artistic control of the film."" Joy Hoffman, the head of Luxembourg's foreign-language Oscar committee, was disappointed by the rejection. Although he accepted the notion that the film was a ""borderline entry"", he noted that ""without Luxembourg the film wouldn't exist"".",http://dbpedia.org/resource/Ewa_Puszczynska::http://dbpedia.org/resource/Piotr_Dzieciol::http://dbpedia.org/resource/Stéphan_Carpiaux::http://dbpedia.org/resource/Wioletta_Gradkowska,,http://dbpedia.org/resource/Chris_Burdza::http://dbpedia.org/resource/Franco_de_Peña::http://dbpedia.org/resource/Tomasz_Kepski,http://dbpedia.org/resource/Arkadiusz_Tomiak,http://dbpedia.org/resource/Category:2005_films::http://dbpedia.org/resource/Category:English-language_Luxembourgian_films::http://dbpedia.org/resource/Category:English-language_Polish_films::http://dbpedia.org/resource/Category:Films_about_human_trafficking::http://dbpedia.org/resource/Category:Films_about_prostitution_in_Germany::http://dbpedia.org/resource/Category:Works_about_sex_trafficking,http://dbpedia.org/resource/Arno_Frisch::http://dbpedia.org/resource/Dominique_Pinon::http://dbpedia.org/resource/Mathieu_Carrière::http://dbpedia.org/resource/Rafal_Mackowiak,http://dbpedia.org/resource/Franco_de_Peña
1,"Big Fish & Begonia (simplified Chinese: 大鱼海棠; traditional Chinese: 大魚海棠; pinyin: Dàyú Hǎitáng; Wade–Giles: Ta4yü2 Hai3tʻang2; lit. 'The big fish and the Chinese flowering crabapple') is a 2016 Chinese animated epic fantasy film written, produced and directed by Liang Xuan and Zhang Chun. The first animated feature film of B&T Studio collaborating with Studio Mir, it is a joint investment by B&T and Enlight Media. It was released in both 2D and 3D formats in China by Enlight Media on 8 July 2016. Shout! Studios acquired the North American distribution rights, with a wide release on 6 April 2018 in co-distribution with Funimation Films. Manga Entertainment released the film in the United Kingdom and Ireland on 18 April 2018.",,http://dbpedia.org/resource/Beijing_Enlight_Media,,,http://dbpedia.org/resource/Category:2016_3D_films::http://dbpedia.org/resource/Category:2016_animated_films::http://dbpedia.org/resource/Category:2016_fantasy_films::http://dbpedia.org/resource/Category:2016_films::http://dbpedia.org/resource/Category:Beijing_Enlight_Pictures_films::http://dbpedia.org/resource/Category:Chinese_3D_films::http://dbpedia.org/resource/Category:Chinese_animated_fantasy_films::http://dbpedia.org/resource/Category:Films_about_deities::http://dbpedia.org/resource/Category:Films_based_on_Chinese_myths_and_legends::http://dbpedia.org/resource/Category:Funimation,http://dbpedia.org/resource/Chin_Shih-chieh::http://dbpedia.org/resource/Xu_Weizhou,
10,"Journey to the West: The Demons Strike Back (Chinese: 西遊伏妖篇) is a 2017 Chinese fantasy adventure comedy film directed by Tsui Hark. A sequel to Stephen Chow's 2013 film Journey to the West: Conquering the Demons, it was produced and co-written by both Tsui and Chow. The film follows the adventures of Tang Sanzang and his disciples Sun Wukong, Zhu Bajie, and Sha Wujing after the events of the first film; all four roles have been recast. The film was released in China by Lianrui Pictures on 28 January 2017 in MX4D, 4DX, IMAX 3D and 3D.",http://dbpedia.org/resource/Nansun_Shi::http://dbpedia.org/resource/Stephen_Chow::http://dbpedia.org/resource/Tsui_Hark,http://dbpedia.org/resource/Sony_Pictures_Releasing_International,http://dbpedia.org/resource/Stephen_Chow::http://dbpedia.org/resource/Tsui_Hark,,http://dbpedia.org/resource/Category:2010s_Mandarin-language_films::http://dbpedia.org/resource/Category:2010s_adventure_comedy_films::http://dbpedia.org/resource/Category:2010s_fantasy_comedy_films::http://dbpedia.org/resource/Category:2017_3D_films::http://dbpedia.org/resource/Category:2017_comedy_films::http://dbpedia.org/resource/Category:2017_films::http://dbpedia.org/resource/Category:4DX_films::http://dbpedia.org/resource/Category:Alibaba_Pictures_films::http://dbpedia.org/resource/Category:China_Film_Group_Corporation_films::http://dbpedia.org/resource/Category:Chinese_3D_films::http://dbpedia.org/resource/Category:Chinese_fantasy_comedy_films::http://dbpedia.org/resource/Category:Chinese_sequel_films::http://dbpedia.org/resource/Category:Demons_in_film::http://dbpedia.org/resource/Category:Films_based_on_Journey_to_the_West::http://dbpedia.org/resource/Category:Films_directed_by_Tsui_Hark::http://dbpedia.org/resource/Category:Films_set_in_ancient_India::http://dbpedia.org/resource/Category:Huayi_Brothers_films::http://dbpedia.org/resource/Category:IMAX_films::http://dbpedia.org/resource/Category:Wanda_Pictures_films,http://dbpedia.org/resource/Jelly_Lin::http://dbpedia.org/resource/Kenny_Lin::http://dbpedia.org/resource/Kris_Wu::http://dbpedia.org/resource/Mengke_Bateer::http://dbpedia.org/resource/Yao_Chen,http://dbpedia.org/resource/Tsui_Hark
18,The Ghouls (also known as Cannibal Dead: The Ghouls) is a 2003 independent American horror film that was written and directed by Chad Ferrin.,http://dbpedia.org/resource/Chad_Ferrin::http://dbpedia.org/resource/John_Santos::http://dbpedia.org/resource/Trent_Haaga,,http://dbpedia.org/resource/Chad_Ferrin,,http://dbpedia.org/resource/Category:2000s_American_films::http://dbpedia.org/resource/Category:2000s_English-language_films::http://dbpedia.org/resource/Category:2003_films::http://dbpedia.org/resource/Category:2003_horror_films::http://dbpedia.org/resource/Category:2003_independent_films::http://dbpedia.org/resource/Category:American_horror_films::http://dbpedia.org/resource/Category:American_independent_films::http://dbpedia.org/resource/Category:Films_directed_by_Chad_Ferrin::http://dbpedia.org/resource/Category:Syfy_original_films,,http://dbpedia.org/resource/Chad_Ferrin
27,"Zootopia (titled Zootropolis in various regions) is a 2016 American computer-animated buddy cop action-comedy film produced by Walt Disney Animation Studios and released by Walt Disney Pictures. The 55th Disney animated feature film, it was directed by Byron Howard and Rich Moore, co-directed by Jared Bush (in his feature directorial debut), and produced by Clark Spencer, from a screenplay written by Bush and Phil Johnston, and a story by Howard, Moore, Bush, Johnston, Jim Reardon, Josie Trinidad, and Jennifer Lee. The film stars the voices of Ginnifer Goodwin, Jason Bateman, Idris Elba, Jenny Slate, Nate Torrence, Bonnie Hunt, Don Lake, Tommy Chong, J. K. Simmons, Octavia Spencer, Alan Tudyk, and Shakira. Taking place in the titular city where anthropomorphic mammals coexist, it tells a story of an unlikely partnership between a rabbit police officer and a red fox con artist as they uncover a criminal conspiracy involving the disappearance of predators. Zootopia premiered at the Brussels Animation Film Festival in Belgium on February 13, 2016, and went into general theatrical release in Disney Digital 3-D, RealD 3D, IMAX 3D, and 4DX formats in the United States on March 4. Zootopia received positive reviews from critics, who praised its screenplay, animation, voice acting, subject matter, and Michael Giacchino's musical score. The film opened to record-breaking box offices in several countries, and earned a worldwide gross of over $1 billion, making it the fourth-highest-grossing film of 2016. The film earned numerous accolades; it was named one of the top ten best films of 2016 by the American Film Institute, and received Best Animated Feature at the 89th Academy Awards, among numerous other accolades. A television spin-off series, Zootopia+, premiered on Disney+ on November 9, 2022.",http://dbpedia.org/resource/Clark_Spencer,http://dbpedia.org/resource/Walt_Disney_Studios_Motion_Pictures,http://dbpedia.org/resource/Byron_Howard::http://dbpedia.org/resource/Jared_Bush::http://dbpedia.org/resource/Jennifer_Lee_(filmmaker)::http://dbpedia.org/resource/Jim_Reardon::http://dbpedia.org/resource/Phil_Johnston_(filmmaker)::http://dbpedia.org/resource/Rich_Moore,,http://dbpedia.org/resource/Category:2010s_American_animated_films::http://dbpedia.org/resource/Category:2010s_English-language_films::http://dbpedia.org/resource/Category:2010s_buddy_comedy_films::http://dbpedia.org/resource/Category:2010s_buddy_cop_films::http://dbpedia.org/resource/Category:2016_3D_films::http://dbpedia.org/resource/Category:2016_computer-animated_films::http://dbpedia.org/resource/Category:2016_films::http://dbpedia.org/resource/Category:3D_animated_films::http://dbpedia.org/resource/Category:American_3D_films::http://dbpedia.org/resource/Category:American_animated_feature_films::http://dbpedia.org/resource/Category:American_buddy_cop_films::http://dbpedia.org/resource/Category:American_police_detective_films::http://dbpedia.org/resource/Category:Animated_buddy_films::http://dbpedia.org/resource/Category:Animated_films_about_mammals::http://dbpedia.org/resource/Category:Annie_Award_winners::http://dbpedia.org/resource/Category:Best_Animated_Feature_Academy_Award_winners::http://dbpedia.org/resource/Category:Best_Animated_Feature_Annie_Award_winners::http://dbpedia.org/resource/Category:Best_Animated_Feature_Broadcast_Film_Critics_Association_Award_winners::http://dbpedia.org/resource/Category:Best_Animated_Feature_Film_Golden_Globe_winners::http://dbpedia.org/resource/Category:Fictional_places_in_Disney_films::http://dbpedia.org/resource/Category:Films_about_prejudice::http://dbpedia.org/resource/Category:Films_adapted_into_television_shows::http://dbpedia.org/resource/Category:Films_directed_by_Byron_Howard::http://dbpedia.org/resource/Category:Films_directed_by_Rich_Moore::http://dbpedia.org/resource/Category:Films_produced_by_Clark_Spencer::http://dbpedia.org/resource/Category:Films_scored_by_Michael_Giacchino::http://dbpedia.org/resource/Category:Films_with_screenplays_by_Jared_Bush::http://dbpedia.org/resource/Category:Films_with_screenplays_by_Jennifer_Lee_(filmmaker)::http://dbpedia.org/resource/Category:Films_with_screenplays_by_Jim_Reardon::http://dbpedia.org/resource/Category:Films_with_screenplays_by_Phil_Johnston_(filmmaker)::http://dbpedia.org/resource/Category:IMAX_films::http://dbpedia.org/resource/Category:Walt_Disney_Animation_Studios_films::http://dbpedia.org/resource/Category:Walt_Disney_Pictures_films,http://dbpedia.org/resource/Alan_Tudyk::http://dbpedia.org/resource/Bonnie_Hunt::http://dbpedia.org/resource/Don_Lake::http://dbpedia.org/resource/Ginnifer_Goodwin::http://dbpedia.org/resource/Idris_Elba::http://dbpedia.org/resource/J._K._Simmons::http://dbpedia.org/resource/Jason_Bateman::http://dbpedia.org/resource/Jenny_Slate::http://dbpedia.org/resource/Nate_Torrence::http://dbpedia.org/resource/Octavia_Spencer::http://dbpedia.org/resource/Shakira::http://dbpedia.org/resource/Tommy_Chong,http://dbpedia.org/resource/Byron_Howard::http://dbpedia.org/resource/Rich_Moore
2,"Captain America: Civil War is a 2016 American superhero film based on the Marvel Comics character Captain America, produced by Marvel Studios and distributed by Walt Disney Studios Motion Pictures. It is the sequel to Captain America: The First Avenger (2011) and Captain America: The Winter Soldier (2014), and the 13th film in the Marvel Cinematic Universe (MCU). The film was directed by Anthony and Joe Russo from a screenplay by the writing team of Christopher Markus and Stephen McFeely, and stars Chris Evans as Steve Rogers / Captain America alongside an ensemble cast including Robert Downey Jr., Scarlett Johansson, Sebastian Stan, Anthony Mackie, Don Cheadle, Jeremy Renner, Chadwick Boseman, Paul Bettany, Elizabeth Olsen, Paul Rudd, Emily VanCamp, Marisa Tomei, Tom Holland, Frank Grillo, Martin Freeman, William Hurt, and Daniel Brühl. In Captain America: Civil War, disagreement over international oversight of the Avengers fractures the team into two opposing factions—one led by Steve Rogers and the other by Tony Stark (Downey). Development of Civil War began in late 2013 when Markus and McFeely began writing the screenplay, which borrows concepts from the 2006 comic book storyline ""Civil War"" while also focusing on story and character elements from the previous Captain America films to conclude the trilogy. Following positive reactions to The Winter Soldier, the Russo brothers were brought back to direct in early 2014. The film's title and premise were revealed in October 2014, along with Downey's involvement as Stark; additional cast members joined in the following months. Principal photography began in April 2015 at Pinewood Atlanta Studios in Fayette County, Georgia, and continued in the Metro Atlanta area before concluding in Germany in August 2015, with the film being the first to use IMAX's digital 2D cameras (for the film's central airport fight sequence). Visual effects were provided by nearly 20 different studios. Captain America: Civil War held its world premiere in Los Angeles on April 12, 2016, and was released in the United States on May 6, as the first film in Phase Three of the MCU. The film was a commercial success, grossing over $1.1 billion worldwide, and received positive reviews, including praise for the performances (particularly Evans and Downey), action sequences, and themes. It became the highest-grossing film of 2016. A fourth film, Captain America: New World Order, is set for release in May 2024. It is a continuation of Marvel Studios' Disney+ series The Falcon and the Winter Soldier (2021), following Mackie's Sam Wilson as Captain America.",http://dbpedia.org/resource/Kevin_Feige,http://dbpedia.org/resource/Walt_Disney_Studios_Motion_Pictures,http://dbpedia.org/resource/Christopher_Markus_and_Stephen_McFeely,http://dbpedia.org/resource/Trent_Opaloch,"http://dbpedia.org/resource/Category:2010s_American_films::http://dbpedia.org/resource/Category:2010s_English-language_films::http://dbpedia.org/resource/Category:2010s_adventure_films::http://dbpedia.org/resource/Category:2010s_superhero_films::http://dbpedia.org/resource/Category:2016_3D_films::http://dbpedia.org/resource/Category:2016_action_thriller_films::http://dbpedia.org/resource/Category:2016_science_fiction_action_films::http://dbpedia.org/resource/Category:4DX_films::http://dbpedia.org/resource/Category:American_3D_films::http://dbpedia.org/resource/Category:American_action_thriller_films::http://dbpedia.org/resource/Category:American_crossover_films::http://dbpedia.org/resource/Category:American_films_about_revenge::http://dbpedia.org/resource/Category:American_science_fiction_action_films::http://dbpedia.org/resource/Category:American_science_fiction_thriller_films::http://dbpedia.org/resource/Category:American_sequel_films::http://dbpedia.org/resource/Category:Babelsberg_Studio_films::http://dbpedia.org/resource/Category:Captain_America_(film_series)::http://dbpedia.org/resource/Category:Captain_America_films::http://dbpedia.org/resource/Category:Drone_films::http://dbpedia.org/resource/Category:Fiction_about_regicide::http://dbpedia.org/resource/Category:Fictional-language_films::http://dbpedia.org/resource/Category:Films_about_mind_control::http://dbpedia.org/resource/Category:Films_about_size_change::http://dbpedia.org/resource/Category:Films_about_terrorism_in_Africa::http://dbpedia.org/resource/Category:Films_about_terrorism_in_Europe::http://dbpedia.org/resource/Category:Films_based_on_works_by_Mark_Millar::http://dbpedia.org/resource/Category:Films_directed_by_Anthony_and_Joe_Russo::http://dbpedia.org/resource/Category:Films_scored_by_Henry_Jackman::http://dbpedia.org/resource/Category:Films_set_in_1991::http://dbpedia.org/resource/Category:Films_set_in_2016::http://dbpedia.org/resource/Category:Films_set_in_Africa::http://dbpedia.org/resource/Category:Films_set_in_Berlin::http://dbpedia.org/resource/Category:Films_set_in_Bucharest::http://dbpedia.org/resource/Category:Films_set_in_Cleveland::http://dbpedia.org/resource/Category:Films_set_in_Germany::http://dbpedia.org/resource/Category:Films_set_in_Lagos::http://dbpedia.org/resource/Category:Films_set_in_London::http://dbpedia.org/resource/Category:Films_set_in_Massachusetts::http://dbpedia.org/resource/Category:Films_set_in_New_York_(state)::http://dbpedia.org/resource/Category:Films_set_in_Queens,_New_York::http://dbpedia.org/resource/Category:Films_set_in_Siberia::http://dbpedia.org/resource/Category:Films_set_in_Vienna::http://dbpedia.org/resource/Category:Films_set_in_airports::http://dbpedia.org/resource/Category:Films_set_in_prison::http://dbpedia.org/resource/Category:Films_shot_at_Pinewood_Atlanta_Studios::http://dbpedia.org/resource/Category:Films_shot_in_Atlanta::http://dbpedia.org/resource/Category:Films_shot_in_Berlin::http://dbpedia.org/resource/Category:Films_shot_in_Brazil::http://dbpedia.org/resource/Category:Films_shot_in_Germany::http://dbpedia.org/resource/Category:Films_shot_in_Norway::http://dbpedia.org/resource/Category:Films_shot_in_Puerto_Rico::http://dbpedia.org/resource/Category:Films_with_screenplays_by_Christopher_Markus_and_Stephen_McFeely::http://dbpedia.org/resource/Category:IMAX_films::http://dbpedia.org/resource/Category:Marvel_Cinematic_Universe:_Phase_Three_films::http://dbpedia.org/resource/Category:Superhero_adventure_films::http://dbpedia.org/resource/Category:Superhero_crossover_films::http://dbpedia.org/resource/Category:Superhero_thriller_films",http://dbpedia.org/resource/Anthony_Mackie::http://dbpedia.org/resource/Chadwick_Boseman::http://dbpedia.org/resource/Chris_Evans_(actor)::http://dbpedia.org/resource/Daniel_Brühl::http://dbpedia.org/resource/Don_Cheadle::http://dbpedia.org/resource/Elizabeth_Olsen::http://dbpedia.org/resource/Emily_VanCamp::http://dbpedia.org/resource/Frank_Grillo::http://dbpedia.org/resource/Jeremy_Renner::http://dbpedia.org/resource/Marisa_Tomei::http://dbpedia.org/resource/Martin_Freeman::http://dbpedia.org/resource/Paul_Bettany::http://dbpedia.org/resource/Paul_Rudd::http://dbpedia.org/resource/Robert_Downey_Jr.::http://dbpedia.org/resource/Scarlett_Johansson::http://dbpedia.org/resource/Sebastian_Stan::http://dbpedia.org/resource/Tom_Holland::http://dbpedia.org/resource/William_Hurt,http://dbpedia.org/resource/Russo_brothers
11,Uncovered is a 1994 thriller film based on Arturo Pérez-Reverte's The Flanders Panel. It was directed by Jim McBride. Kate Beckinsale stars as the main character Julia.,http://dbpedia.org/resource/Jack_Baran,http://dbpedia.org/resource/Ciby_2000,http://dbpedia.org/resource/Arturo_Pérez-Reverte::http://dbpedia.org/resource/Jack_Baran::http://dbpedia.org/resource/Jim_McBride::http://dbpedia.org/resource/Michael_Hirst_(writer),,http://dbpedia.org/resource/Category:1990s_British_films::http://dbpedia.org/resource/Category:1990s_English-language_films::http://dbpedia.org/resource/Category:1990s_thriller_films::http://dbpedia.org/resource/Category:1994_films::http://dbpedia.org/resource/Category:British_thriller_films::http://dbpedia.org/resource/Category:Films_about_chess::http://dbpedia.org/resource/Category:Films_based_on_works_by_Arturo_Pérez-Reverte::http://dbpedia.org/resource/Category:Films_directed_by_Jim_McBride::http://dbpedia.org/resource/Category:Films_scored_by_Philippe_Sarde::http://dbpedia.org/resource/Category:Films_set_in_Barcelona::http://dbpedia.org/resource/Category:Films_shot_in_Barcelona::http://dbpedia.org/resource/Category:Films_shot_in_Spain,http://dbpedia.org/resource/Art_Malik::http://dbpedia.org/resource/John_Wood_(English_actor)::http://dbpedia.org/resource/Kate_Beckinsale::http://dbpedia.org/resource/Paudge_Behan::http://dbpedia.org/resource/Sinéad_Cusack,http://dbpedia.org/resource/Jim_McBride
25,"Transformers: Age of Extinction is a 2014 American science fiction action film based on Hasbro's Transformers toy line. The film is the fourth installment in the Transformers film series and the sequel to Transformers: Dark of the Moon (2011). Like its predecessor, the film is directed by Michael Bay and written by Ehren Kruger. It stars Mark Wahlberg, Stanley Tucci, Kelsey Grammer, Nicola Peltz, Jack Reynor, Sophia Myles, Bingbing Li, Titus Welliver and T.J. Miller. It does not feature the original human cast from the previous three films, and instead introduces a new human cast and many new Transformers, including the Dinobots. The film was the first feature film to be shot on smaller digital IMAX cameras, as well as various other film formats, such as IMAX 70mm film cameras, digital stereo 3D, and anamorphic and spherical 35mm film. The film was released on June 27, 2014, in IMAX and 3D, and received negative reviews from critics for its runtime, performances, screenplay, and direction. The film was a box office success, grossing over $1.104 billion worldwide on a $210 million budget, making it the highest-grossing film of 2014, the only film in 2014 to gross over $1 billion, and at that point the 10th-highest-grossing film of all time. It was nominated for 7 awards at the 35th Golden Raspberry Awards, including Worst Picture, winning Worst Director for Bay and Worst Supporting Actor for Grammer. The sequel, The Last Knight, was released in June 2017.",http://dbpedia.org/resource/Don_Murphy::http://dbpedia.org/resource/Ian_Bryce::http://dbpedia.org/resource/Lorenzo_di_Bonaventura::http://dbpedia.org/resource/Tom_DeSanto,http://dbpedia.org/resource/Paramount_Pictures,http://dbpedia.org/resource/Ehren_Kruger,http://dbpedia.org/resource/Amir_Mokri,http://dbpedia.org/resource/Category:2010s_American_films::http://dbpedia.org/resource/Category:2010s_English-language_films::http://dbpedia.org/resource/Category:2010s_science_fiction_adventure_films::http://dbpedia.org/resource/Category:2010s_superhero_films::http://dbpedia.org/resource/Category:2014_3D_films::http://dbpedia.org/resource/Category:2014_films::http://dbpedia.org/resource/Category:2014_science_fiction_action_films::http://dbpedia.org/resource/Category:American_3D_films::http://dbpedia.org/resource/Category:American_chase_films::http://dbpedia.org/resource/Category:American_disaster_films::http://dbpedia.org/resource/Category:American_science_fiction_action_films::http://dbpedia.org/resource/Category:American_science_fiction_adventure_films::http://dbpedia.org/resource/Category:American_sequel_films::http://dbpedia.org/resource/Category:Apocalyptic_fiction::http://dbpedia.org/resource/Category:Apocalyptic_films::http://dbpedia.org/resource/Category:Di_Bonaventura_Pictures_films::http://dbpedia.org/resource/Category:Drone_films::http://dbpedia.org/resource/Category:Films_about_ancient_astronauts::http://dbpedia.org/resource/Category:Films_about_impact_events::http://dbpedia.org/resource/Category:Films_about_the_United_States_Army::http://dbpedia.org/resource/Category:Films_directed_by_Michael_Bay::http://dbpedia.org/resource/Category:Films_produced_by_Don_Murphy::http://dbpedia.org/resource/Category:Films_produced_by_Ian_Bryce::http://dbpedia.org/resource/Category:Films_produced_by_Lorenzo_di_Bonaventura::http://dbpedia.org/resource/Category:Films_produced_by_Tom_DeSanto::http://dbpedia.org/resource/Category:Films_scored_by_Steve_Jablonsky::http://dbpedia.org/resource/Category:Films_set_in_Beijing::http://dbpedia.org/resource/Category:Films_set_in_Chicago::http://dbpedia.org/resource/Category:Films_set_in_Detroit::http://dbpedia.org/resource/Category:Films_set_in_Hong_Kong::http://dbpedia.org/resource/Category:Films_set_in_Texas::http://dbpedia.org/resource/Category:Films_set_in_the_Arctic::http://dbpedia.org/resource/Category:Films_set_in_the_United_States::http://dbpedia.org/resource/Category:Films_shot_in_Chicago::http://dbpedia.org/resource/Category:Films_shot_in_Detroit::http://dbpedia.org/resource/Category:Films_shot_in_Hong_Kong::http://dbpedia.org/resource/Category:Films_shot_in_Los_Angeles::http://dbpedia.org/resource/Category:Films_shot_in_Michigan::http://dbpedia.org/resource/Category:Films_shot_in_Texas::http://dbpedia.org/resource/Category:Films_shot_in_Utah::http://dbpedia.org/resource/Category:Films_with_screenplays_by_Ehren_Kruger::http://dbpedia.org/resource/Category:Golden_Raspberry_Award_winning_films::http://dbpedia.org/resource/Category:IMAX_films::http://dbpedia.org/resource/Category:Live-action_films_based_on_animated_series::http://dbpedia.org/resource/Category:Paramount_Pictures_films::http://dbpedia.org/resource/Category:Transformers_(film_series),http://dbpedia.org/resource/Mark_Wahlberg::http://dbpedia.org/resource/Stanley_Tucci,http://dbpedia.org/resource/Michael_Bay
3,"CZ12 (Chinese: 《十二生肖》; pinyin: Shí-èr Shēngxiāo), also known as Chinese Zodiac, is a 2012 Hong Kong action-adventure comedy film co-written, co-produced and directed by Jackie Chan, who also starred as the main character in the film. CZ12 is the third film of a franchise that began with Armour of God (1986) and its sequel, Armour of God II: Operation Condor (1991). The film co-stars Kwon Sang-woo, Liao Fan, Zoe Zhang, Anna Yao and Laura Weissbecker. Released in December 2012, the film went on to gross over US$145 million at the Chinese box office and US$171 million worldwide with mixed reviews from critics. Chan also earned two Guinness World Records with the film for ""Most Stunts Performed by a Living Actor"" and ""Most Credits in One Movie"". The film won Best Stunt Action Choreography for Chan at the 32nd Hong Kong Film Awards.",http://dbpedia.org/resource/Huayi_Brothers::http://dbpedia.org/resource/Jackie_Chan::http://dbpedia.org/resource/Stanley_Tong,http://dbpedia.org/resource/Emperor_Motion_Pictures::http://dbpedia.org/resource/Huayi_Brothers,http://dbpedia.org/resource/Frankie_Chan::http://dbpedia.org/resource/Jackie_Chan::http://dbpedia.org/resource/Stanley_Tong,http://dbpedia.org/resource/Jackie_Chan,http://dbpedia.org/resource/Category:2010s_Cantonese-language_films::http://dbpedia.org/resource/Category:2010s_English-language_films::http://dbpedia.org/resource/Category:2010s_Hong_Kong_films::http://dbpedia.org/resource/Category:2010s_Mandarin-language_films::http://dbpedia.org/resource/Category:2010s_action_adventure_films::http://dbpedia.org/resource/Category:2012_3D_films::http://dbpedia.org/resource/Category:2012_action_comedy_films::http://dbpedia.org/resource/Category:2012_comedy_films::http://dbpedia.org/resource/Category:2012_films::http://dbpedia.org/resource/Category:Chinese_3D_films::http://dbpedia.org/resource/Category:Chinese_action_adventure_films::http://dbpedia.org/resource/Category:Films_directed_by_Jackie_Chan::http://dbpedia.org/resource/Category:Films_scored_by_Nathan_Wang::http://dbpedia.org/resource/Category:Films_set_in_Australia::http://dbpedia.org/resource/Category:Films_set_in_Beijing::http://dbpedia.org/resource/Category:Films_set_in_France::http://dbpedia.org/resource/Category:Films_set_in_Russia::http://dbpedia.org/resource/Category:Films_set_on_islands::http://dbpedia.org/resource/Category:Films_shot_in_Australia::http://dbpedia.org/resource/Category:Films_shot_in_Beijing::http://dbpedia.org/resource/Category:Films_shot_in_China::http://dbpedia.org/resource/Category:Films_shot_in_France::http://dbpedia.org/resource/Category:Films_shot_in_Latvia::http://dbpedia.org/resource/Category:Films_shot_in_Paris::http://dbpedia.org/resource/Category:Films_shot_in_Taiwan::http://dbpedia.org/resource/Category:Films_shot_in_Vanuatu::http://dbpedia.org/resource/Category:Hong_Kong_3D_films::http://dbpedia.org/resource/Category:Hong_Kong_action_comedy_films::http://dbpedia.org/resource/Category:Hong_Kong_martial_arts_films::http://dbpedia.org/resource/Category:IMAX_films,http://dbpedia.org/resource/Helen_Yao::http://dbpedia.org/resource/Jackie_Chan::http://dbpedia.org/resource/Kwon_Sang-woo::http://dbpedia.org/resource/Laura_Weissbecker::http://dbpedia.org/resource/Liao_Fan::http://dbpedia.org/resource/Zhang_Lanxin,http://dbpedia.org/resource/Jackie_Chan
19,"The Great Wall (Chinese: 长城) is a 2016 monster film directed by Zhang Yimou, with a screenplay by Carlo Bernard, Doug Miro and Tony Gilroy, from a story by Max Brooks, Edward Zwick and Marshall Herskovitz. An American and Chinese co-production starring Matt Damon, Jing Tian, Pedro Pascal, Willem Dafoe, and Andy Lau, the plot centers around a European mercenary warrior (Matt Damon) imprisoned by imperial Chinese forces within the Great Wall of China after arriving in search of gunpowder, eventually joining forces with the Chinese to help combat an alien threat. The Great Wall is Zhang's first English-language film. Principal photography for the film began on March 30, 2015, in Qingdao, China, and it premiered in Beijing on December 6, 2016. It was released by China Film Group in China on December 16, 2016, the United States on February 17 by Universal Pictures, and in Japan on April 14 by United International Pictures (in Japan through Toho-Towa). The film received mostly negative reviews from critics, but received some praise for its action sequences. Although it grossed $335 million worldwide, the film was still considered a box office bomb due to its high production and marketing costs, with losses as high as $75 million.",http://dbpedia.org/resource/Charles_Roven::http://dbpedia.org/resource/Jon_Jashni::http://dbpedia.org/resource/Peter_Loehr::http://dbpedia.org/resource/Thomas_Tull,,http://dbpedia.org/resource/Doug_Miro::http://dbpedia.org/resource/Edward_Zwick::http://dbpedia.org/resource/Marshall_Herskovitz::http://dbpedia.org/resource/Max_Brooks::http://dbpedia.org/resource/Tony_Gilroy,http://dbpedia.org/resource/Stuart_Dryburgh::http://dbpedia.org/resource/Zhao_Xiaoding,http://dbpedia.org/resource/Category:2010s_American_films::http://dbpedia.org/resource/Category:2010s_English-language_films::http://dbpedia.org/resource/Category:2010s_Mandarin-language_films::http://dbpedia.org/resource/Category:2010s_action_adventure_films::http://dbpedia.org/resource/Category:2010s_fantasy_adventure_films::http://dbpedia.org/resource/Category:2010s_monster_movies::http://dbpedia.org/resource/Category:2016_3D_films::http://dbpedia.org/resource/Category:2016_films::http://dbpedia.org/resource/Category:2016_multilingual_films::http://dbpedia.org/resource/Category:Alternate_history_films::http://dbpedia.org/resource/Category:American_3D_films::http://dbpedia.org/resource/Category:American_action_adventure_films::http://dbpedia.org/resource/Category:American_alternate_history_films::http://dbpedia.org/resource/Category:American_fantasy_action_films::http://dbpedia.org/resource/Category:American_fantasy_adventure_films::http://dbpedia.org/resource/Category:American_multilingual_films::http://dbpedia.org/resource/Category:China_Film_Group_Corporation_films::http://dbpedia.org/resource/Category:Chinese_3D_films::http://dbpedia.org/resource/Category:Chinese_action_adventure_films::http://dbpedia.org/resource/Category:Chinese_fantasy_action_films::http://dbpedia.org/resource/Category:Chinese_fantasy_adventure_films::http://dbpedia.org/resource/Category:Chinese_multilingual_films::http://dbpedia.org/resource/Category:Films_about_dragons::http://dbpedia.org/resource/Category:Films_directed_by_Zhang_Yimou::http://dbpedia.org/resource/Category:Films_produced_by_Thomas_Tull::http://dbpedia.org/resource/Category:Films_scored_by_Ramin_Djawadi::http://dbpedia.org/resource/Category:Films_set_in_11th-century_Song_dynasty::http://dbpedia.org/resource/Category:Films_set_in_the_Song_dynasty::http://dbpedia.org/resource/Category:Films_shot_in_Shandong::http://dbpedia.org/resource/Category:Films_with_screenplays_by_Tony_Gilroy::http://dbpedia.org/resource/Category:Giant_monster_films::http://dbpedia.org/resource/Category:IMAX_films::http://dbpedia.org/resource/Category:Le_Vision_Pictures_films::http://dbpedia.org/resource/Category:Legendary_Pictures_films::http://dbpedia.org/resource/Category:Race-related_controversies_in_film::http://dbpedia.org/resource/Category:Universal_Pictures_films,http://dbpedia.org/resource/Andy_Lau::http://dbpedia.org/resource/Jing_Tian::http://dbpedia.org/resource/Matt_Damon::http://dbpedia.org/resource/Pedro_Pascal::http://dbpedia.org/resource/Willem_Dafoe,http://dbpedia.org/resource/Zhang_Yimou
4,"Chronicles of the Ghostly Tribe (Chinese: 九层妖塔) is a 2015 Chinese 3D adventure action film directed and co-written by Lu Chuan, and stars Mark Chao, Yao Chen, Rhydian Vaughan, Li Chen, Tiffany Tang and Daniel Feng. The film is an adaptation of Zhang Muye's 2006 best-selling novel Ghost Blows Out the Light. Chronicles of the Ghostly Tribe was released in China on September 30, 2015.",,http://dbpedia.org/resource/LeTV,http://dbpedia.org/resource/Bobby_Roth::http://dbpedia.org/resource/Lu_Chuan::http://dbpedia.org/resource/Nick_Roth,http://dbpedia.org/resource/Cao_Yu_(cinematographer),http://dbpedia.org/resource/Category:2010s_action_adventure_films::http://dbpedia.org/resource/Category:2010s_fantasy_adventure_films::http://dbpedia.org/resource/Category:2015_3D_films::http://dbpedia.org/resource/Category:2015_films::http://dbpedia.org/resource/Category:Chinese_3D_films::http://dbpedia.org/resource/Category:Chinese_action_adventure_films::http://dbpedia.org/resource/Category:Chinese_fantasy_adventure_films::http://dbpedia.org/resource/Category:Films_based_on_Chinese_novels::http://dbpedia.org/resource/Category:Films_directed_by_Lu_Chuan::http://dbpedia.org/resource/Category:Films_set_in_the_1980s::http://dbpedia.org/resource/Category:Films_shot_in_Gansu::http://dbpedia.org/resource/Category:Ghost_Blows_Out_the_Light,http://dbpedia.org/resource/Li_Chen_(actor)::http://dbpedia.org/resource/Mark_Chao::http://dbpedia.org/resource/Rhydian_Vaughan::http://dbpedia.org/resource/Tiffany_Tang::http://dbpedia.org/resource/Yao_Chen,http://dbpedia.org/resource/Lu_Chuan
15,Soulmate is a 2013 British mystery horror film directed by Axelle Carolyn in her feature film directorial debut. The film stars Anna Walton as a woman who travels to the countryside to recuperate after a suicide attempt but finds that her cottage is haunted by a ghost. Soulmate was initially refused a rating certificate by the British Board of Film Classification due to its opening scene and Carolyn was required to edit out portions of the scene. The film had its world premiere on 18 October 2013 at the Sitges Film Festival in Spain.,,http://dbpedia.org/resource/Revolver_Entertainment,http://dbpedia.org/resource/Axelle_Carolyn,,http://dbpedia.org/resource/Category:2010s_British_films::http://dbpedia.org/resource/Category:2010s_English-language_films::http://dbpedia.org/resource/Category:2013_directorial_debut_films::http://dbpedia.org/resource/Category:2013_films::http://dbpedia.org/resource/Category:2013_horror_films::http://dbpedia.org/resource/Category:British_ghost_films::http://dbpedia.org/resource/Category:British_haunted_house_films::http://dbpedia.org/resource/Category:Film_controversies_in_the_United_Kingdom::http://dbpedia.org/resource/Category:Obscenity_controversies_in_film::http://dbpedia.org/resource/Category:Rating_controversies_in_film,http://dbpedia.org/resource/Anna_Walton::http://dbpedia.org/resource/Tom_Wisdom,http://dbpedia.org/resource/Axelle_Carolyn
22,"Tiny Times (Chinese: 小时代), also known as Tiny Times 1.0 is the first installment of the film series written and directed by Guo Jingming and based on the best-selling novel of the same name also by Guo.",,,http://dbpedia.org/resource/Guo_Jingming,,http://dbpedia.org/resource/Category:2013_films::http://dbpedia.org/resource/Category:2013_romantic_drama_films::http://dbpedia.org/resource/Category:Adaptations_of_works_by_Guo_Jingming::http://dbpedia.org/resource/Category:Chinese_romantic_drama_films::http://dbpedia.org/resource/Category:Films_based_on_Chinese_novels::http://dbpedia.org/resource/Category:Films_set_in_Shanghai::http://dbpedia.org/resource/Category:Films_shot_in_Shanghai::http://dbpedia.org/resource/Category:Le_Vision_Pictures_films::http://dbpedia.org/resource/Category:Tiny_Times,http://dbpedia.org/resource/Amber_Kuo::http://dbpedia.org/resource/Bea_Hayden::http://dbpedia.org/resource/Cheney_Chen::http://dbpedia.org/resource/Evonne_Hsieh::http://dbpedia.org/resource/Jiang_Chao::http://dbpedia.org/resource/Ko_Chen-tung::http://dbpedia.org/resource/Rhydian_Vaughan::http://dbpedia.org/resource/Yang_Mi,http://dbpedia.org/resource/Guo_Jingming
6,"Forever Young, Forever Free (also titled e'Lollipop) is a 1975 South African drama film directed by Ashley Lazarus and starring Jose Ferrer and Karen Valentine.",,http://dbpedia.org/resource/Universal_Pictures,,http://dbpedia.org/resource/Arthur_J._Ornitz,http://dbpedia.org/resource/Category:1970s_English-language_films::http://dbpedia.org/resource/Category:1975_drama_films::http://dbpedia.org/resource/Category:1975_films::http://dbpedia.org/resource/Category:1975_multilingual_films::http://dbpedia.org/resource/Category:Afrikaans-language_films::http://dbpedia.org/resource/Category:English-language_South_African_films::http://dbpedia.org/resource/Category:South_African_drama_films::http://dbpedia.org/resource/Category:South_African_multilingual_films::http://dbpedia.org/resource/Category:Universal_Pictures_films,http://dbpedia.org/resource/Jose_Ferrer::http://dbpedia.org/resource/Karen_Valentine::http://dbpedia.org/resource/Muntu_Ndebele,
14,Operation Mekong (Chinese: 湄公河行动) is a 2016 Chinese-Hong Kong crime action film directed by Dante Lam and starring Zhang Hanyu and Eddie Peng. The film is based on the 2011 Mekong River massacre. It was released in China on 30 September 2016 and became one of the highest-grossing films in China.,http://dbpedia.org/resource/Huang_Jianxin,http://dbpedia.org/resource/Bona_Film_Group,http://dbpedia.org/resource/Dante_Lam,,http://dbpedia.org/resource/Category:2010s_Hong_Kong_films::http://dbpedia.org/resource/Category:2010s_Mandarin-language_films::http://dbpedia.org/resource/Category:2016_crime_action_films::http://dbpedia.org/resource/Category:2016_films::http://dbpedia.org/resource/Category:Action_films_based_on_actual_events::http://dbpedia.org/resource/Category:Chinese_crime_action_films::http://dbpedia.org/resource/Category:Crime_films_based_on_actual_events::http://dbpedia.org/resource/Category:Films_directed_by_Dante_Lam::http://dbpedia.org/resource/Category:Films_shot_in_Beijing::http://dbpedia.org/resource/Category:Films_shot_in_Thailand::http://dbpedia.org/resource/Category:Films_shot_in_Yunnan::http://dbpedia.org/resource/Category:Hong_Kong_crime_action_films::http://dbpedia.org/resource/Category:Polybona_Films_films,http://dbpedia.org/resource/Eddie_Peng::http://dbpedia.org/resource/Zhang_Hanyu,http://dbpedia.org/resource/Dante_Lam
21,"The Mermaid Chair is a 2006 Canadian television romantic drama film directed by Steven Schachter and written by Suzette Couture. It is based on the 2005 novel of the same name by Sue Monk Kidd, and stars Kim Basinger, Alex Carter, and Bruce Greenwood. It was filmed in Cowichan Bay, Telegraph Cove, and Brentwood Bay in British Columbia, Canada, and premiered on Lifetime on September 9, 2006.",,,,,http://dbpedia.org/resource/Category:2000s_Canadian_films::http://dbpedia.org/resource/Category:2006_films::http://dbpedia.org/resource/Category:2006_romantic_drama_films::http://dbpedia.org/resource/Category:2006_television_films::http://dbpedia.org/resource/Category:Canadian_drama_television_films::http://dbpedia.org/resource/Category:Canadian_romantic_drama_films::http://dbpedia.org/resource/Category:English-language_Canadian_films::http://dbpedia.org/resource/Category:Films_based_on_American_novels::http://dbpedia.org/resource/Category:Films_based_on_romance_novels::http://dbpedia.org/resource/Category:Films_directed_by_Steven_Schachter::http://dbpedia.org/resource/Category:Films_set_in_South_Carolina::http://dbpedia.org/resource/Category:Films_shot_in_British_Columbia::http://dbpedia.org/resource/Category:Lifetime_(TV_network)_films::http://dbpedia.org/resource/Category:Romance_television_films,,http://dbpedia.org/resource/Steven_Schachter
7,"Goodbye Mr. Loser (Chinese: 夏洛特烦恼; pinyin: Xià Luò Tè Fánnǎo) is a 2015 Chinese comedy film directed by Yan Fei and Peng Damo, and starring Shen Teng, Ma Li, Yin Zheng, Ai Lun, Wang Zhi, Tian Yu, Song Yang, Chang Yuan and Li Ping. The film is based on a play of the same name. It was released on September 30, 2015. Starring a cast of largely non-film comedians, the film became an enormous sleeper hit in China and was fueled by explosive word of mouth.",,,,,http://dbpedia.org/resource/Category:2010s_Mandarin-language_films::http://dbpedia.org/resource/Category:2015_comedy_films::http://dbpedia.org/resource/Category:2015_films::http://dbpedia.org/resource/Category:Chinese_comedy_films::http://dbpedia.org/resource/Category:Chinese_films_based_on_plays::http://dbpedia.org/resource/Category:Films_about_time_travel::http://dbpedia.org/resource/Category:Films_directed_by_Da-Mo_Peng::http://dbpedia.org/resource/Category:Films_directed_by_Fei_Yan::http://dbpedia.org/resource/Category:Films_set_in_1997::http://dbpedia.org/resource/Category:Films_set_in_2008::http://dbpedia.org/resource/Category:Films_set_in_2015,http://dbpedia.org/resource/Ma_Li_(actress)::http://dbpedia.org/resource/Shen_Teng::http://dbpedia.org/resource/Wang_Zhi_(actress)::http://dbpedia.org/resource/Yin_Zheng_(actor),
12,"Lost in Thailand is a 2012 Chinese comedy film directed and co-written by Xu Zheng and starring Xu Zheng, Wang Baoqiang, and Huang Bo. The film is about three Chinese men traveling in Thailand: two competing scientists searching for their boss, and a tourist eager to explore the country. The film is Xu's directorial debut. According to Du and colleagues, within the first week, the film’s box office revenue reached ¥310 million RMB and set the first week box office record for Chinese cinema. As of January 27, 2013, the film had collected ¥1.3 billion RMB in Mainland China with over 39 million moviegoers. This elevated it to the highest-grossing Chinese-language film in China’s history at that time.",http://dbpedia.org/resource/Xu_Zheng_(actor),,http://dbpedia.org/resource/Xu_Zheng_(actor),,http://dbpedia.org/resource/Category:2010s_Mandarin-language_films::http://dbpedia.org/resource/Category:2010s_adventure_comedy_films::http://dbpedia.org/resource/Category:2012_comedy_films::http://dbpedia.org/resource/Category:2012_directorial_debut_films::http://dbpedia.org/resource/Category:2012_films::http://dbpedia.org/resource/Category:Chinese_adventure_comedy_films::http://dbpedia.org/resource/Category:Films_directed_by_Xu_Zheng::http://dbpedia.org/resource/Category:Films_set_in_Thailand::http://dbpedia.org/resource/Category:Films_shot_in_Chiang_Mai::http://dbpedia.org/resource/Category:Films_shot_in_Thailand,"http://dbpedia.org/resource/Fan_Bingbing::http://dbpedia.org/resource/Huang_Bo::http://dbpedia.org/resource/Tao_Hong_(actress,_born_1972)::http://dbpedia.org/resource/Wang_Baoqiang::http://dbpedia.org/resource/Xu_Zheng_(actor)",http://dbpedia.org/resource/Xu_Zheng_(actor)
20,"The Left Ear is a 2015 Chinese coming of age film directed by Alec Su. It is Su's directorial debut, and based upon the novel of the same name by Rao Xueman. Rao also wrote the film's screenplay. Filming completed and went into post production in November 2014, and was slated for release on April 30, 2015 but was moved forward to April 24, 2015. Many of Su's former co-stars from popular TV series My Fair Princess, Romance in the Rain and Destiny by Love helped him promote the film, including Ruby Lin, Leo Ku, Qin Lan, and Zhao Wei who sang the theme song. The moderate-budget film became a major box office success, grossing US$78 million.",,,http://dbpedia.org/resource/Rao_Xueman,,http://dbpedia.org/resource/Category:2015_directorial_debut_films::http://dbpedia.org/resource/Category:2015_films::http://dbpedia.org/resource/Category:Beijing_Enlight_Pictures_films::http://dbpedia.org/resource/Category:Chinese_coming-of-age_films::http://dbpedia.org/resource/Category:Chinese_teen_films::http://dbpedia.org/resource/Category:Films_based_on_Chinese_novels::http://dbpedia.org/resource/Category:Films_directed_by_Alec_Su,http://dbpedia.org/resource/Chen_Duling::http://dbpedia.org/resource/Ma_Sichun::http://dbpedia.org/resource/Oho_Ou::http://dbpedia.org/resource/Yang_Yang_(actor),http://dbpedia.org/resource/Alec_Su
8,"Iron Man 2 is a 2010 American superhero film based on the Marvel Comics character Iron Man. Produced by Marvel Studios and distributed by Paramount Pictures, it is the sequel to Iron Man (2008) and the third film in the Marvel Cinematic Universe (MCU). Directed by Jon Favreau and written by Justin Theroux, the film stars Robert Downey Jr. as Tony Stark / Iron Man alongside Gwyneth Paltrow, Don Cheadle, Scarlett Johansson, Sam Rockwell, Mickey Rourke, and Samuel L. Jackson. Six months after Iron Man, Tony Stark resists calls from the United States government to hand over the Iron Man technology, which is causing his declining health. Meanwhile, Russian scientist Ivan Vanko (Rourke) uses his own version of the technology to pursue a vendetta against the Stark family. Following the critical and commercial success of Iron Man in May 2008, Marvel Studios announced and immediately set to work on producing a sequel. In July, Theroux was hired to write the script and Favreau was signed to return as director. Downey, Paltrow, and Jackson were set to reprise their roles from Iron Man, while Cheadle was brought in to replace Terrence Howard in the role of James Rhodes. In the early months of 2009, Rourke (Vanko), Rockwell, and Johansson filled out the supporting cast. Filming took place from April to July 2009, mostly in California as in the first film, except for a key sequence in Monaco. Unlike its predecessor, which mixed digital and practical effects, the sequel primarily relied on computer-generated imagery to create the Iron Man suits. Iron Man 2 premiered at the El Capitan Theatre on April 26, 2010, and was released in the United States on May 7, as part of Phase One of the MCU. The film received generally positive reviews from critics with praise for its action sequences and performances, although they deemed it to be inferior to the first film. The sequel grossed over $623.9 million at the worldwide box office, making it the seventh-highest-grossing film of 2010. It received an Academy Award nomination for Best Visual Effects. A sequel, Iron Man 3, was released on May 3, 2013.",http://dbpedia.org/resource/Kevin_Feige,http://dbpedia.org/resource/Paramount_Pictures,http://dbpedia.org/resource/Justin_Theroux,http://dbpedia.org/resource/Matthew_Libatique,"http://dbpedia.org/resource/Category:2010_science_fiction_action_films::http://dbpedia.org/resource/Category:2010_science_fiction_films::http://dbpedia.org/resource/Category:2010s_American_films::http://dbpedia.org/resource/Category:2010s_English-language_films::http://dbpedia.org/resource/Category:2010s_adventure_films::http://dbpedia.org/resource/Category:2010s_superhero_films::http://dbpedia.org/resource/Category:American_films_about_revenge::http://dbpedia.org/resource/Category:American_science_fiction_action_films::http://dbpedia.org/resource/Category:American_science_fiction_adventure_films::http://dbpedia.org/resource/Category:American_sequel_films::http://dbpedia.org/resource/Category:Drone_films::http://dbpedia.org/resource/Category:Films_about_technological_impact::http://dbpedia.org/resource/Category:Films_directed_by_Jon_Favreau::http://dbpedia.org/resource/Category:Films_scored_by_John_Debney::http://dbpedia.org/resource/Category:Films_set_in_California::http://dbpedia.org/resource/Category:Films_set_in_Los_Angeles::http://dbpedia.org/resource/Category:Films_set_in_Monaco::http://dbpedia.org/resource/Category:Films_set_in_New_Mexico::http://dbpedia.org/resource/Category:Films_set_in_Queens,_New_York::http://dbpedia.org/resource/Category:Films_shot_in_California::http://dbpedia.org/resource/Category:Films_shot_in_Los_Angeles::http://dbpedia.org/resource/Category:Films_with_screenplays_by_Justin_Theroux::http://dbpedia.org/resource/Category:IMAX_films::http://dbpedia.org/resource/Category:Iron_Man_(film_series)::http://dbpedia.org/resource/Category:Marvel_Cinematic_Universe:_Phase_One_films::http://dbpedia.org/resource/Category:Paramount_Pictures_films",http://dbpedia.org/resource/Don_Cheadle::http://dbpedia.org/resource/Gwyneth_Paltrow::http://dbpedia.org/resource/Mickey_Rourke::http://dbpedia.org/resource/Robert_Downey_Jr.::http://dbpedia.org/resource/Sam_Rockwell::http://dbpedia.org/resource/Samuel_L._Jackson::http://dbpedia.org/resource/Scarlett_Johansson,http://dbpedia.org/resource/Jon_Favreau
16,"The Elusive Avengers (Russian: Неуловимые мстители, translit. Neulovimye mstiteli) is a 1967 Soviet adventure film directed by Edmond Keosayan and made by Mosfilm. It is loosely based on the novel Red Devils by Pavel Blyakhin, already filmed in 1923 under its original name. The film is an example of Ostern, set in Russian Civil War era Ukraine. The film has spawned two sequels, The New Adventures of the Elusive Avengers (1968) and The Crown of the Russian Empire, or Once Again the Elusive Avengers (1971).",,http://dbpedia.org/resource/Mosfilm,http://dbpedia.org/resource/Edmond_Keosayan::http://dbpedia.org/resource/Sergei_Yermolinsky,,http://dbpedia.org/resource/Category:1960s_Russian-language_films::http://dbpedia.org/resource/Category:1960s_action_comedy_films::http://dbpedia.org/resource/Category:1967_comedy_films::http://dbpedia.org/resource/Category:1967_films::http://dbpedia.org/resource/Category:Films_directed_by_Edmond_Keosayan::http://dbpedia.org/resource/Category:Films_set_in_Ukraine::http://dbpedia.org/resource/Category:Films_shot_in_Ukraine::http://dbpedia.org/resource/Category:Mosfilm_films::http://dbpedia.org/resource/Category:Ostern_films::http://dbpedia.org/resource/Category:Russian_Civil_War_films::http://dbpedia.org/resource/Category:Russian_films_about_revenge::http://dbpedia.org/resource/Category:Russian_historical_adventure_films::http://dbpedia.org/resource/Category:Russian_vigilante_films::http://dbpedia.org/resource/Category:Soviet_action_comedy_films::http://dbpedia.org/resource/Category:Soviet_historical_adventure_films::http://dbpedia.org/resource/Category:Soviet_teen_films::http://dbpedia.org/resource/Category:Soviet_war_films,http://dbpedia.org/resource/Boris_Sichkin::http://dbpedia.org/resource/Mikhail_Metyolkin::http://dbpedia.org/resource/Valentina_Kurdyukova::http://dbpedia.org/resource/Vasily_Vasilyev_(actor)::http://dbpedia.org/resource/Viktor_Kosykh::http://dbpedia.org/resource/Yefim_Kopelyan,http://dbpedia.org/resource/Edmond_Keosayan
24,"Train to Busan (Korean: 부산행; Hanja: 釜山行; RR: Busanhaeng; lit. To Busan) is a 2016 South Korean action horror film directed by Yeon Sang-ho and starring Gong Yoo, Jung Yu-mi, Ma Dong-seok, Kim Su-an, Choi Woo-shik, Ahn So-hee, and Kim Eui-sung. The film mostly takes place on a high-speed train from Seoul to Busan as a zombie apocalypse suddenly breaks out in the country and threatens the safety of the passengers. The film premiered in the Midnight Screenings section of the 2016 Cannes Film Festival on 13 May. On 7 August, the film set a record as the first Korean film of 2016 to break the audience record of over 10 million theatergoers. The film serves as a reunion for Gong Yoo and Jung Yu-mi, who both starred in the 2011 film The Crucible. A sequel, Peninsula, was released in South Korea on July 15, 2020.",,,,,http://dbpedia.org/resource/Category:2010s_Korean-language_films::http://dbpedia.org/resource/Category:2010s_South_Korean_films::http://dbpedia.org/resource/Category:2010s_action_horror_films::http://dbpedia.org/resource/Category:2016_action_thriller_films::http://dbpedia.org/resource/Category:2016_films::http://dbpedia.org/resource/Category:2016_horror_thriller_films::http://dbpedia.org/resource/Category:Apocalyptic_films::http://dbpedia.org/resource/Category:Films_about_families::http://dbpedia.org/resource/Category:Films_about_father–daughter_relationships::http://dbpedia.org/resource/Category:Films_about_viral_outbreaks::http://dbpedia.org/resource/Category:Films_directed_by_Yeon_Sang-ho::http://dbpedia.org/resource/Category:Films_set_in_Daegu::http://dbpedia.org/resource/Category:Films_set_in_Daejeon::http://dbpedia.org/resource/Category:Films_set_in_Seoul::http://dbpedia.org/resource/Category:Films_set_in_South_Chungcheong_Province::http://dbpedia.org/resource/Category:Films_set_on_trains::http://dbpedia.org/resource/Category:Korea_Train_Express::http://dbpedia.org/resource/Category:Next_Entertainment_World_films::http://dbpedia.org/resource/Category:South_Korean_action_horror_films::http://dbpedia.org/resource/Category:South_Korean_action_thriller_films::http://dbpedia.org/resource/Category:South_Korean_horror_thriller_films::http://dbpedia.org/resource/Category:South_Korean_science_fiction_action_films::http://dbpedia.org/resource/Category:South_Korean_science_fiction_horror_films::http://dbpedia.org/resource/Category:South_Korean_zombie_films,,
