model,fold-1_execution_time,fold-2_execution_time,fold-3_execution_time,fold-4_execution_time,fold-5_execution_time,execution_time_mean,execution_time_std
TransE based model + cosine similarity;embedding_dim=150;scoring_fct_norm=1;entity_initializer=None;relation_initializer=None;relation_constrainer=None;regularizer=None;epochs=25;seed=42;triples=all (CPU: AMD EPYC 7502P 32-Core Processor; RAM: 94GB; GPUs: ['NVIDIA A2']),182.62838625907898,120.69207215309143,118.96479845046997,119.85860466957092,124.05751538276672,133.2402753829956,24.75408788124776
TransH based model + cosine similarity;embedding_dim=150;scoring_fct_norm=2;entity_initializer=None;relation_initializer=None;relation_regularizer=None;epochs=25;seed=42;triples=all (CPU: AMD EPYC 7502P 32-Core Processor; RAM: 94GB; GPUs: ['NVIDIA A2']),142.52440547943115,142.2796425819397,145.4535517692566,147.25014352798462,160.79602336883545,147.6607533454895,6.825160514703237
TransR based model + cosine similarity;embedding_dim=150;relation_dim=90;scoring_fct_norm=2;entity_initializer=None;entity_constrainer=None;relation_initializer=None;relation_constrainer=None;epochs=25;seed=42;triples=all (CPU: AMD EPYC 7502P 32-Core Processor; RAM: 94GB; GPUs: ['NVIDIA A2']),148.13458776474,148.8783814907074,151.68789744377136,153.48359513282776,169.38763046264648,154.3144184589386,7.778578346715857
TransD based model + cosine similarity;embedding_dim=150;relation_dim=None;entity_initializer=None;entity_constrainer=None;relation_initializer=None;relation_constrainer=None;epochs=25;seed=42;triples=all (CPU: AMD EPYC 7502P 32-Core Processor; RAM: 94GB; GPUs: ['NVIDIA A2']),154.26118922233582,155.02831888198853,158.07913374900818,156.62764859199524,159.88528871536255,156.77631583213807,2.0379648702812356
TuckER based model + cosine similarity;embedding_dim=200;relation_dim=None;dropout_0=0.3;dropout_1=0.4;dropout_2=0.5;apply_batch_normalization=True;relation_initializer=None;core_tensor_initializer=None;epochs=25;seed=42;triples=all (CPU: AMD EPYC 7502P 32-Core Processor; RAM: 94GB; GPUs: ['NVIDIA A2']),423.47602891921997,434.12886238098145,443.62966203689575,447.3810589313507,446.25658798217773,438.9744400501251,9.044914392020058
RESCAL based model + cosine similarity;embedding_dim=50;entity_initializer=None;relation_initializer=None;regularizer=None;epochs=25;seed=42;triples=all (CPU: AMD EPYC 7502P 32-Core Processor; RAM: 94GB; GPUs: ['NVIDIA A2']),126.96187996864319,132.02910947799683,134.6505470275879,133.32755088806152,132.1631371974945,131.8264449119568,2.6094941509876532
DistMult based model + cosine similarity;embedding_dim=50;entity_initializer=None;entity_constrainer=None;relation_initializer=None;regularizer=None;epochs=25;seed=42;triples=all (CPU: AMD EPYC 7502P 32-Core Processor; RAM: 94GB; GPUs: ['NVIDIA A2']),108.47672271728516,111.57206463813782,115.32944798469543,114.2351279258728,113.77494144439697,112.67766094207764,2.4303056425719713
ComplEx based model + cosine similarity;embedding_dim=100;entity_initializer=None;relation_initializer=None;regularizer=None;epochs=25;seed=42 (CPU: AMD EPYC 7502P 32-Core Processor; RAM: 94GB; GPUs: ['NVIDIA A2']),113.39751768112183,119.04077625274658,121.04491806030273,121.53780484199524,119.93321657180786,118.99084668159485,2.9285521466842646
RotatE based model + cosine similarity;embedding_dim=200;entity_initializer=None;relation_initializer=None;relation_constrainer=None;regularizer=None;epochs=25;seed=42;triples=all (CPU: AMD EPYC 7502P 32-Core Processor; RAM: 94GB; GPUs: ['NVIDIA A2']),120.36347460746765,126.09606552124023,129.149498462677,128.24779057502747,131.60194444656372,127.09175472259521,3.799307564055891
