item_id::string,URI::string
1,http://dbpedia.org/resource/Toy_Story
2,http://dbpedia.org/resource/GoldenEye
3,http://dbpedia.org/resource/Four_Rooms
4,http://dbpedia.org/resource/Get_Shorty_(film)
5,http://dbpedia.org/resource/Copycat_(film)
6,http://dbpedia.org/resource/Shanghai_Triad
7,http://dbpedia.org/resource/12_Monkeys
8,http://dbpedia.org/resource/Babe_(film)
9,http://dbpedia.org/resource/Dead_Man_Walking_(film)
10,http://dbpedia.org/resource/Richard_III_(1995_film)
11,http://dbpedia.org/resource/Seven_(1995_film)
12,http://dbpedia.org/resource/The_Usual_Suspects
13,http://dbpedia.org/resource/Mighty_Aphrodite
14,http://dbpedia.org/resource/Il_Postino:_The_Postman
15,http://dbpedia.org/resource/Mr._Holland's_Opus
16,http://dbpedia.org/resource/French_Twist_(film)
17,http://dbpedia.org/resource/From_Dusk_till_Dawn
18,http://dbpedia.org/resource/The_White_Balloon
19,http://dbpedia.org/resource/Antonia's_Line
20,http://dbpedia.org/resource/Angels_&_Insects
21,http://dbpedia.org/resource/Muppet_Treasure_Island
22,http://dbpedia.org/resource/Braveheart
23,http://dbpedia.org/resource/Taxi_Driver
24,http://dbpedia.org/resource/Rumble_in_the_Bronx
25,http://dbpedia.org/resource/The_Birdcage
26,http://dbpedia.org/resource/The_Brothers_McMullen
27,http://dbpedia.org/resource/Bad_Boys_(1995_film)
28,http://dbpedia.org/resource/Apollo_13_(film)
29,http://dbpedia.org/resource/Batman_Forever
30,http://dbpedia.org/resource/Belle_de_Jour_(film)
31,http://dbpedia.org/resource/Crimson_Tide_(film)
32,http://dbpedia.org/resource/Crumb_(film)
33,http://dbpedia.org/resource/Desperado_(film)
34,http://dbpedia.org/resource/The_Doom_Generation
35,http://dbpedia.org/resource/Free_Willy_2:_The_Adventure_Home
36,http://dbpedia.org/resource/Mad_Love_(1995_film)
37,http://dbpedia.org/resource/Nadja_(film)
38,http://dbpedia.org/resource/The_Net_(1995_film)
39,
40,
41,http://dbpedia.org/resource/Billy_Madison
42,http://dbpedia.org/resource/Clerks_(film)
43,http://dbpedia.org/resource/Disclosure_(1994_film)
44,
45,http://dbpedia.org/resource/Eat_Drink_Man_Woman
46,http://dbpedia.org/resource/Exotica_(film)
47,http://dbpedia.org/resource/Ed_Wood_(film)
48,http://dbpedia.org/resource/Hoop_Dreams
49,http://dbpedia.org/resource/I.Q._(film)
50,http://dbpedia.org/resource/Star_Wars_(film)
51,http://dbpedia.org/resource/Legends_of_the_Fall
52,http://dbpedia.org/resource/The_Madness_of_King_George
53,http://dbpedia.org/resource/Natural_Born_Killers
54,http://dbpedia.org/resource/Outbreak_(film)
55,http://dbpedia.org/resource/Léon:_The_Professional
56,http://dbpedia.org/resource/Pulp_Fiction
57,http://dbpedia.org/resource/Priest_(1994_film)
58,http://dbpedia.org/resource/Quiz_Show_(film)
59,http://dbpedia.org/resource/Three_Colours:_Red
60,http://dbpedia.org/resource/Three_Colours:_Blue
61,http://dbpedia.org/resource/Three_Colours:_White
62,http://dbpedia.org/resource/Stargate_(film)
63,http://dbpedia.org/resource/The_Santa_Clause
64,
65,http://dbpedia.org/resource/What's_Eating_Gilbert_Grape
66,http://dbpedia.org/resource/While_You_Were_Sleeping_(film)
67,http://dbpedia.org/resource/Ace_Ventura:_Pet_Detective
68,http://dbpedia.org/resource/The_Crow_(1994_film)
69,http://dbpedia.org/resource/Forrest_Gump
70,http://dbpedia.org/resource/Four_Weddings_and_a_Funeral
71,http://dbpedia.org/resource/The_Lion_King
72,http://dbpedia.org/resource/The_Mask_(1994_film)
73,http://dbpedia.org/resource/Maverick_(film)
74,"http://dbpedia.org/resource/Faster,_Pussycat!_Kill!_Kill!"
75,
76,http://dbpedia.org/resource/Carlito's_Way
77,http://dbpedia.org/resource/The_Firm_(1993_film)
78,http://dbpedia.org/resource/Free_Willy
79,http://dbpedia.org/resource/The_Fugitive_(1993_film)
80,http://dbpedia.org/resource/Hot_Shots!_Part_Deux
81,http://dbpedia.org/resource/The_Hudsucker_Proxy
82,http://dbpedia.org/resource/Jurassic_Park_(film)
83,http://dbpedia.org/resource/Much_Ado_About_Nothing_(1993_film)
84,
85,http://dbpedia.org/resource/The_Ref
86,http://dbpedia.org/resource/The_Remains_of_the_Day_(film)
87,http://dbpedia.org/resource/Searching_for_Bobby_Fischer
88,http://dbpedia.org/resource/Sleepless_in_Seattle
89,http://dbpedia.org/resource/Blade_Runner
90,http://dbpedia.org/resource/So_I_Married_an_Axe_Murderer
91,http://dbpedia.org/resource/The_Nightmare_Before_Christmas
92,http://dbpedia.org/resource/True_Romance
93,http://dbpedia.org/resource/Welcome_to_the_Dollhouse
94,http://dbpedia.org/resource/Home_Alone
95,http://dbpedia.org/resource/Aladdin_(1992_Disney_film)
96,http://dbpedia.org/resource/Terminator_2:_Judgment_Day
97,http://dbpedia.org/resource/Dances_with_Wolves
98,http://dbpedia.org/resource/The_Silence_of_the_Lambs_(film)
99,http://dbpedia.org/resource/Snow_White_and_the_Seven_Dwarfs_(1937_film)
100,http://dbpedia.org/resource/Fargo_(1996_film)
101,http://dbpedia.org/resource/Heavy_Metal_(film)
102,http://dbpedia.org/resource/The_Aristocats
103,http://dbpedia.org/resource/All_Dogs_Go_to_Heaven_2
104,
105,http://dbpedia.org/resource/Sgt._Bilko
106,http://dbpedia.org/resource/Diabolique_(1996_film)
107,http://dbpedia.org/resource/Moll_Flanders_(1996_film)
108,http://dbpedia.org/resource/Kids_in_the_Hall:_Brain_Candy
109,http://dbpedia.org/resource/Mystery_Science_Theater_3000:_The_Movie
110,http://dbpedia.org/resource/Operation_Dumbo_Drop
111,http://dbpedia.org/resource/The_Truth_About_Cats_&_Dogs
112,http://dbpedia.org/resource/Flipper_(1996_film)
113,http://dbpedia.org/resource/The_Horseman_on_the_Roof
114,
115,
116,http://dbpedia.org/resource/Cold_Comfort_Farm_(film)
117,http://dbpedia.org/resource/The_Rock_(film)
118,http://dbpedia.org/resource/Twister_(1996_film)
119,http://dbpedia.org/resource/Maya_Lin:_A_Strong_Clear_Vision
120,http://dbpedia.org/resource/Striptease_(film)
121,http://dbpedia.org/resource/Independence_Day_(1996_film)
122,http://dbpedia.org/resource/The_Cable_Guy
123,http://dbpedia.org/resource/The_Frighteners
124,http://dbpedia.org/resource/Lone_Star_(1996_film)
125,http://dbpedia.org/resource/Phenomenon_(film)
126,
127,http://dbpedia.org/resource/The_Godfather
128,http://dbpedia.org/resource/Supercop
129,http://dbpedia.org/resource/Bound_(1996_film)
130,http://dbpedia.org/resource/Kansas_City_(film)
131,http://dbpedia.org/resource/Breakfast_at_Tiffany's_(film)
132,http://dbpedia.org/resource/The_Wizard_of_Oz_(1939_film)
133,http://dbpedia.org/resource/Gone_with_the_Wind_(film)
134,http://dbpedia.org/resource/Citizen_Kane
135,http://dbpedia.org/resource/2001:_A_Space_Odyssey_(film)
136,http://dbpedia.org/resource/Mr._Smith_Goes_to_Washington
137,http://dbpedia.org/resource/Big_Night
138,http://dbpedia.org/resource/D3:_The_Mighty_Ducks
139,
140,http://dbpedia.org/resource/Homeward_Bound:_The_Incredible_Journey
141,
142,http://dbpedia.org/resource/Bedknobs_and_Broomsticks
143,http://dbpedia.org/resource/The_Sound_of_Music_(film)
144,
145,http://dbpedia.org/resource/The_Lawnmower_Man_(film)
146,http://dbpedia.org/resource/Unhook_the_Stars
147,http://dbpedia.org/resource/The_Long_Kiss_Goodnight
148,http://dbpedia.org/resource/The_Ghost_and_the_Darkness
149,http://dbpedia.org/resource/Jude_(film)
150,http://dbpedia.org/resource/Swingers_(1996_film)
151,http://dbpedia.org/resource/Willy_Wonka_&_the_Chocolate_Factory
152,http://dbpedia.org/resource/Sleeper_(1973_film)
153,http://dbpedia.org/resource/A_Fish_Called_Wanda
154,http://dbpedia.org/resource/Monty_Python's_Life_of_Brian
155,http://dbpedia.org/resource/Dirty_Dancing
156,http://dbpedia.org/resource/Reservoir_Dogs
157,http://dbpedia.org/resource/Platoon_(film)
158,http://dbpedia.org/resource/Weekend_at_Bernie's
159,http://dbpedia.org/resource/Basic_Instinct
160,http://dbpedia.org/resource/Glengarry_Glen_Ross_(film)
161,http://dbpedia.org/resource/Top_Gun
162,http://dbpedia.org/resource/On_Golden_Pond_(1981_film)
163,
164,http://dbpedia.org/resource/The_Abyss
165,http://dbpedia.org/resource/Jean_de_Florette
166,
167,http://dbpedia.org/resource/Private_Benjamin_(1980_film)
168,
169,http://dbpedia.org/resource/The_Wrong_Trousers
170,
171,http://dbpedia.org/resource/Delicatessen_(1991_film)
172,
173,http://dbpedia.org/resource/The_Princess_Bride_(film)
174,
175,http://dbpedia.org/resource/Brazil_(1985_film)
176,
177,"http://dbpedia.org/resource/The_Good,_the_Bad_and_the_Ugly"
178,http://dbpedia.org/resource/12_Angry_Men_(1957_film)
179,http://dbpedia.org/resource/A_Clockwork_Orange_(film)
180,http://dbpedia.org/resource/Apocalypse_Now
181,http://dbpedia.org/resource/Return_of_the_Jedi
182,http://dbpedia.org/resource/Goodfellas
183,http://dbpedia.org/resource/Alien_(film)
184,
185,http://dbpedia.org/resource/Psycho_(1960_film)
186,http://dbpedia.org/resource/The_Blues_Brothers_(film)
187,http://dbpedia.org/resource/The_Godfather_Part_II
188,http://dbpedia.org/resource/Full_Metal_Jacket
189,
190,http://dbpedia.org/resource/Henry_V_(1989_film)
191,http://dbpedia.org/resource/Amadeus_(film)
192,http://dbpedia.org/resource/Raging_Bull
193,http://dbpedia.org/resource/The_Right_Stuff_(film)
194,http://dbpedia.org/resource/The_Sting
195,http://dbpedia.org/resource/The_Terminator
196,http://dbpedia.org/resource/Dead_Poets_Society
197,http://dbpedia.org/resource/The_Graduate
198,http://dbpedia.org/resource/La_Femme_Nikita_(film)
199,http://dbpedia.org/resource/The_Bridge_on_the_River_Kwai
200,http://dbpedia.org/resource/The_Shining_(film)
201,http://dbpedia.org/resource/Evil_Dead_II
202,
203,http://dbpedia.org/resource/Unforgiven
204,
205,http://dbpedia.org/resource/Patton_(film)
206,http://dbpedia.org/resource/Akira_(1988_film)
207,http://dbpedia.org/resource/Cyrano_de_Bergerac_(1990_film)
208,http://dbpedia.org/resource/Young_Frankenstein
209,http://dbpedia.org/resource/This_Is_Spinal_Tap
210,http://dbpedia.org/resource/Indiana_Jones_and_the_Last_Crusade
211,http://dbpedia.org/resource/Hmone_Shwe_Yee
212,http://dbpedia.org/resource/The_Unbearable_Lightness_of_Being_(film)
213,
214,http://dbpedia.org/resource/Pink_Floyd_–_The_Wall
215,http://dbpedia.org/resource/Field_of_Dreams
216,http://dbpedia.org/resource/When_Harry_Met_Sally...
217,http://dbpedia.org/resource/Bram_Stoker's_Dracula_(1992_film)
218,http://dbpedia.org/resource/Cape_Fear_(1991_film)
219,http://dbpedia.org/resource/A_Nightmare_on_Elm_Street
220,http://dbpedia.org/resource/The_Mirror_Has_Two_Faces
221,http://dbpedia.org/resource/Breaking_the_Waves
222,http://dbpedia.org/resource/Star_Trek:_First_Contact
223,http://dbpedia.org/resource/Sling_Blade
224,http://dbpedia.org/resource/Ridicule_(film)
225,http://dbpedia.org/resource/101_Dalmatians_(1996_film)
226,http://dbpedia.org/resource/Die_Hard_2
227,http://dbpedia.org/resource/Star_Trek_VI:_The_Undiscovered_Country
228,http://dbpedia.org/resource/Star_Trek_II:_The_Wrath_of_Khan
229,http://dbpedia.org/resource/Star_Trek_III:_The_Search_for_Spock
230,http://dbpedia.org/resource/Star_Trek_IV:_The_Voyage_Home
231,http://dbpedia.org/resource/Batman_Returns
232,http://dbpedia.org/resource/Young_Guns_(film)
233,http://dbpedia.org/resource/Under_Siege
234,http://dbpedia.org/resource/Jaws_(film)
235,http://dbpedia.org/resource/Mars_Attacks!
236,http://dbpedia.org/resource/Citizen_Ruth
237,http://dbpedia.org/resource/Jerry_Maguire
238,http://dbpedia.org/resource/Raising_Arizona
239,http://dbpedia.org/resource/Sneakers_(1992_film)
240,http://dbpedia.org/resource/Beavis_and_Butt-Head_Do_America
241,http://dbpedia.org/resource/The_Last_of_the_Mohicans_(1992_film)
242,http://dbpedia.org/resource/Kolya
243,http://dbpedia.org/resource/Jungle_2_Jungle
244,http://dbpedia.org/resource/Smilla's_Sense_of_Snow_(film)
245,http://dbpedia.org/resource/The_Devil's_Own
246,http://dbpedia.org/resource/Chasing_Amy
247,http://dbpedia.org/resource/Turbo:_A_Power_Rangers_Movie
248,http://dbpedia.org/resource/Grosse_Pointe_Blank
249,http://dbpedia.org/resource/Austin_Powers:_International_Man_of_Mystery
250,http://dbpedia.org/resource/The_Fifth_Element
251,http://dbpedia.org/resource/Shall_We_Dance%3F_(1996_film)
252,http://dbpedia.org/resource/The_Lost_World:_Jurassic_Park
253,
254,http://dbpedia.org/resource/Batman_&_Robin_(film)
255,http://dbpedia.org/resource/My_Best_Friend's_Wedding
256,
257,http://dbpedia.org/resource/Men_in_Black_(1997_film)
258,http://dbpedia.org/resource/Contact_(1997_American_film)
259,http://dbpedia.org/resource/George_of_the_Jungle_(film)
260,http://dbpedia.org/resource/Event_Horizon_(film)
261,http://dbpedia.org/resource/Air_Bud
262,http://dbpedia.org/resource/In_the_Company_of_Men
263,http://dbpedia.org/resource/Steel_(1997_film)
264,http://dbpedia.org/resource/Mimic_(film)
265,http://dbpedia.org/resource/The_Hunt_for_Red_October_(film)
266,http://dbpedia.org/resource/Kull_the_Conqueror
268,http://dbpedia.org/resource/Chasing_Amy
269,http://dbpedia.org/resource/The_Full_Monty
270,http://dbpedia.org/resource/Gattaca
271,http://dbpedia.org/resource/Starship_Troopers_(film)
272,http://dbpedia.org/resource/Good_Will_Hunting
273,http://dbpedia.org/resource/Heat_(1995_film)
274,http://dbpedia.org/resource/Sabrina_(1995_film)
275,http://dbpedia.org/resource/Sense_and_Sensibility_(film)
276,http://dbpedia.org/resource/Leaving_Las_Vegas
277,http://dbpedia.org/resource/Restoration_(1995_film)
278,http://dbpedia.org/resource/Bed_of_Roses_(1996_film)
279,
280,http://dbpedia.org/resource/Up_Close_&_Personal_(film)
281,http://dbpedia.org/resource/The_River_Wild
282,http://dbpedia.org/resource/A_Time_to_Kill_(1996_film)
283,http://dbpedia.org/resource/Emma_(1996_TV_film)
284,http://dbpedia.org/resource/Tin_Cup
285,http://dbpedia.org/resource/Secrets_&_Lies_(film)
286,http://dbpedia.org/resource/The_English_Patient_(film)
287,http://dbpedia.org/resource/Marvin's_Room_(film)
288,http://dbpedia.org/resource/Scream_(1996_film)
289,http://dbpedia.org/resource/Evita_(1996_film)
290,http://dbpedia.org/resource/Fierce_Creatures
291,http://dbpedia.org/resource/Absolute_Power_(film)
292,http://dbpedia.org/resource/Rosewood_(film)
293,http://dbpedia.org/resource/Donnie_Brasco_(film)
294,http://dbpedia.org/resource/Liar_Liar
295,http://dbpedia.org/resource/Breakdown_(1997_film)
296,http://dbpedia.org/resource/La_Promesse
297,http://dbpedia.org/resource/Ulee's_Gold
298,http://dbpedia.org/resource/Face/Off
299,http://dbpedia.org/resource/Hoodlum_(film)
300,http://dbpedia.org/resource/Air_Force_One_(film)
301,http://dbpedia.org/resource/In_&_Out_(film)
302,http://dbpedia.org/resource/L.A._Confidential_(film)
303,http://dbpedia.org/resource/Ulee's_Gold
304,http://dbpedia.org/resource/Fly_Away_Home
305,http://dbpedia.org/resource/The_Ice_Storm_(film)
306,http://dbpedia.org/resource/Mrs_Brown
307,http://dbpedia.org/resource/The_Devil's_Advocate_(1997_film)
308,http://dbpedia.org/resource/FairyTale:_A_True_Story
309,http://dbpedia.org/resource/Deceiver_(film)
310,http://dbpedia.org/resource/The_Rainmaker_(1997_film)
311,http://dbpedia.org/resource/The_Wings_of_the_Dove_(1997_film)
312,http://dbpedia.org/resource/Midnight_in_the_Garden_of_Good_and_Evil_(film)
313,http://dbpedia.org/resource/Titanic_(1997_film)
314,http://dbpedia.org/resource/3_Ninjas:_High_Noon_at_Mega_Mountain
315,http://dbpedia.org/resource/Apt_Pupil_(film)
316,http://dbpedia.org/resource/As_Good_as_It_Gets
317,http://dbpedia.org/resource/In_the_Name_of_the_Father_(film)
318,
319,http://dbpedia.org/resource/Everyone_Says_I_Love_You
320,http://dbpedia.org/resource/Paradise_Lost:_The_Child_Murders_at_Robin_Hood_Hills
321,http://dbpedia.org/resource/Mother_(1996_film)
322,http://dbpedia.org/resource/Murder_at_1600
323,http://dbpedia.org/resource/Dante's_Peak
324,http://dbpedia.org/resource/Lost_Highway_(film)
325,http://dbpedia.org/resource/Crash_(1996_film)
326,http://dbpedia.org/resource/G.I._Jane
327,http://dbpedia.org/resource/Cop_Land
328,http://dbpedia.org/resource/Conspiracy_Theory_(film)
329,http://dbpedia.org/resource/Desperate_Measures_(film)
330,http://dbpedia.org/resource/One_Eight_Seven
331,http://dbpedia.org/resource/The_Edge_(1997_film)
332,http://dbpedia.org/resource/Kiss_the_Girls_(1997_film)
333,http://dbpedia.org/resource/The_Game_Bag
334,http://dbpedia.org/resource/U_Turn_(1997_film)
335,http://dbpedia.org/resource/Def_Jam's_How_to_Be_a_Player
336,http://dbpedia.org/resource/Playing_God_(1997_film)
337,http://dbpedia.org/resource/The_House_of_Yes
338,http://dbpedia.org/resource/Bean_(film)
339,http://dbpedia.org/resource/Mad_City_(film)
340,http://dbpedia.org/resource/Boogie_Nights
341,http://dbpedia.org/resource/Critical_Care_(film)
342,http://dbpedia.org/resource/The_Man_Who_Knew_Too_Little
343,http://dbpedia.org/resource/Alien_Resurrection
344,http://dbpedia.org/resource/The_Apostle
345,http://dbpedia.org/resource/Deconstructing_Harry
346,http://dbpedia.org/resource/Jackie_Brown
347,http://dbpedia.org/resource/Wag_the_Dog
348,http://dbpedia.org/resource/Desperate_Measures_(film)
349,http://dbpedia.org/resource/Hard_Rain_(film)
350,http://dbpedia.org/resource/Fallen_(1998_film)
351,http://dbpedia.org/resource/The_Prophecy_II
352,http://dbpedia.org/resource/Spice_World_(film)
353,
354,http://dbpedia.org/resource/The_Wedding_Singer
355,http://dbpedia.org/resource/Sphere_(1998_film)
356,http://dbpedia.org/resource/The_Client_(1994_film)
357,http://dbpedia.org/resource/One_Flew_Over_the_Cuckoo's_Nest_(film)
358,http://dbpedia.org/resource/Spawn_(1997_film)
359,http://dbpedia.org/resource/The_Assignment_(1997_film)
360,http://dbpedia.org/resource/Wonderland_(1997_film)
361,http://dbpedia.org/resource/Incognito_(1997_film)
362,http://dbpedia.org/resource/Blues_Brothers_2000
363,http://dbpedia.org/resource/Sudden_Death_(1995_film)
364,http://dbpedia.org/resource/Ace_Ventura:_When_Nature_Calls
365,http://dbpedia.org/resource/Powder_(film)
366,http://dbpedia.org/resource/Dangerous_Minds
367,http://dbpedia.org/resource/Clueless
368,http://dbpedia.org/resource/Bio-Dome
369,http://dbpedia.org/resource/Black_Sheep_(1996_film)
370,http://dbpedia.org/resource/Mary_Reilly_(film)
371,http://dbpedia.org/resource/The_Bridges_of_Madison_County_(film)
372,http://dbpedia.org/resource/Jeffrey_(1995_film)
373,http://dbpedia.org/resource/Judge_Dredd_(film)
374,http://dbpedia.org/resource/Mighty_Morphin_Power_Rangers:_The_Movie
375,http://dbpedia.org/resource/Showgirls
376,
377,
378,http://dbpedia.org/resource/Miracle_on_34th_Street_(1994_film)
379,http://dbpedia.org/resource/Demon_Knight
380,http://dbpedia.org/resource/Star_Trek_Generations
381,http://dbpedia.org/resource/Muriel's_Wedding
382,"http://dbpedia.org/resource/The_Adventures_of_Priscilla,_Queen_of_the_Desert"
383,http://dbpedia.org/resource/The_Flintstones_(film)
384,http://dbpedia.org/resource/Naked_Gun_33_1/3:_The_Final_Insult
385,http://dbpedia.org/resource/True_Lies
386,http://dbpedia.org/resource/Addams_Family_Values
387,http://dbpedia.org/resource/The_Age_of_Innocence_(1993_film)
388,http://dbpedia.org/resource/Beverly_Hills_Cop_III
389,http://dbpedia.org/resource/Black_Beauty_(1994_film)
390,http://dbpedia.org/resource/Fear_of_a_Black_Hat
391,http://dbpedia.org/resource/Last_Action_Hero
392,http://dbpedia.org/resource/The_Man_Without_a_Face
393,http://dbpedia.org/resource/Mrs._Doubtfire
394,http://dbpedia.org/resource/Radioland_Murders
395,http://dbpedia.org/resource/Robin_Hood:_Men_in_Tights
396,http://dbpedia.org/resource/Serial_Mom
397,http://dbpedia.org/resource/Striking_Distance
398,
399,http://dbpedia.org/resource/The_Three_Musketeers_(1993_film)
400,http://dbpedia.org/resource/The_Little_Rascals_(film)
401,http://dbpedia.org/resource/The_Brady_Bunch_Movie
402,http://dbpedia.org/resource/Ghost_(1990_film)
403,http://dbpedia.org/resource/Batman_(1989_film)
404,http://dbpedia.org/resource/Pinocchio_(1940_film)
405,http://dbpedia.org/resource/Mission:_Impossible_(film)
406,http://dbpedia.org/resource/Thinner_(film)
407,http://dbpedia.org/resource/Spy_Hard
408,http://dbpedia.org/resource/A_Close_Shave
409,http://dbpedia.org/resource/Jack_(1996_film)
410,http://dbpedia.org/resource/Kingpin_(1996_film)
411,http://dbpedia.org/resource/The_Nutty_Professor_(1996_film)
412,http://dbpedia.org/resource/A_Very_Brady_Sequel
413,http://dbpedia.org/resource/Bordello_of_Blood
414,http://dbpedia.org/resource/My_Favorite_Year
415,http://dbpedia.org/resource/The_Apple_Dumpling_Gang_(film)
416,http://dbpedia.org/resource/Old_Yeller_(film)
417,http://dbpedia.org/resource/The_Parent_Trap_(1961_film)
418,http://dbpedia.org/resource/Cinderella_(1950_film)
419,http://dbpedia.org/resource/Mary_Poppins_(film)
420,http://dbpedia.org/resource/Alice_in_Wonderland_(1951_film)
421,http://dbpedia.org/resource/Romeo_+_Juliet
422,http://dbpedia.org/resource/Aladdin_and_the_King_of_Thieves
423,http://dbpedia.org/resource/E.T._the_Extra-Terrestrial
424,
425,http://dbpedia.org/resource/Bob_Roberts
426,
427,http://dbpedia.org/resource/To_Kill_a_Mockingbird_(film)
428,http://dbpedia.org/resource/Harold_and_Maude
429,http://dbpedia.org/resource/The_Day_the_Earth_Stood_Still
430,http://dbpedia.org/resource/Duck_Soup_(1933_film)
431,http://dbpedia.org/resource/Highlander_(film)
432,http://dbpedia.org/resource/Fantasia_(1940_film)
433,http://dbpedia.org/resource/Heathers
434,http://dbpedia.org/resource/Forbidden_Planet
435,http://dbpedia.org/resource/Butch_Cassidy_and_the_Sundance_Kid
436,http://dbpedia.org/resource/An_American_Werewolf_in_London
437,http://dbpedia.org/resource/Amityville:_It's_About_Time
438,http://dbpedia.org/resource/Amityville_3-D
439,http://dbpedia.org/resource/Amityville:_A_New_Generation
440,http://dbpedia.org/resource/Amityville_II:_The_Possession
441,http://dbpedia.org/resource/The_Amityville_Horror_(1979_film)
442,http://dbpedia.org/resource/The_Amityville_Curse
443,http://dbpedia.org/resource/The_Birds_(film)
444,http://dbpedia.org/resource/The_Blob
445,http://dbpedia.org/resource/The_Body_Snatcher_(film)
446,http://dbpedia.org/resource/Burnt_Offerings_(film)
447,http://dbpedia.org/resource/Carrie_(1976_film)
448,http://dbpedia.org/resource/The_Omen
449,http://dbpedia.org/resource/Star_Trek:_The_Motion_Picture
450,
451,http://dbpedia.org/resource/Grease_(film)
452,http://dbpedia.org/resource/Jaws_2
453,http://dbpedia.org/resource/Jaws_3-D
454,http://dbpedia.org/resource/Bastard_Out_of_Carolina_(film)
455,http://dbpedia.org/resource/First_Strike_(1996_film)
456,http://dbpedia.org/resource/Beverly_Hills_Ninja
457,http://dbpedia.org/resource/Free_Willy_3:_The_Rescue
458,http://dbpedia.org/resource/Nixon_(film)
459,
460,http://dbpedia.org/resource/The_Crossing_Guard
461,http://dbpedia.org/resource/Smoke_(film)
462,http://dbpedia.org/resource/Like_Water_for_Chocolate_(film)
463,http://dbpedia.org/resource/The_Secret_of_Roan_Inish
464,http://dbpedia.org/resource/Vanya_on_42nd_Street
465,http://dbpedia.org/resource/The_Jungle_Book_(1994_film)
466,
467,http://dbpedia.org/resource/A_Bronx_Tale
468,http://dbpedia.org/resource/Rudy_(film)
469,http://dbpedia.org/resource/Short_Cuts
470,http://dbpedia.org/resource/Tombstone_(film)
471,http://dbpedia.org/resource/Courage_Under_Fire
472,http://dbpedia.org/resource/Dragonheart
473,http://dbpedia.org/resource/James_and_the_Giant_Peach_(film)
474,
475,http://dbpedia.org/resource/Trainspotting_(film)
476,http://dbpedia.org/resource/The_First_Wives_Club
477,http://dbpedia.org/resource/Matilda_(1996_film)
478,http://dbpedia.org/resource/The_Philadelphia_Story_(film)
479,http://dbpedia.org/resource/Vertigo_(film)
480,http://dbpedia.org/resource/North_by_Northwest
481,http://dbpedia.org/resource/The_Apartment
482,http://dbpedia.org/resource/Some_Like_It_Hot
483,http://dbpedia.org/resource/Casablanca_(film)
484,http://dbpedia.org/resource/The_Maltese_Falcon_(1941_film)
485,http://dbpedia.org/resource/My_Fair_Lady_(film)
486,http://dbpedia.org/resource/Sabrina_(1954_film)
487,http://dbpedia.org/resource/Roman_Holiday
488,http://dbpedia.org/resource/Sunset_Boulevard_(film)
489,http://dbpedia.org/resource/Notorious_(1946_film)
490,http://dbpedia.org/resource/To_Catch_a_Thief
491,http://dbpedia.org/resource/The_Adventures_of_Robin_Hood
492,http://dbpedia.org/resource/East_of_Eden_(film)
493,http://dbpedia.org/resource/The_Thin_Man_(film)
494,http://dbpedia.org/resource/His_Girl_Friday
495,http://dbpedia.org/resource/Around_the_World_in_80_Days_(1956_film)
496,http://dbpedia.org/resource/It's_a_Wonderful_Life
497,http://dbpedia.org/resource/Bringing_Up_Baby
498,http://dbpedia.org/resource/The_African_Queen_(film)
499,http://dbpedia.org/resource/Cat_on_a_Hot_Tin_Roof_(1958_film)
500,http://dbpedia.org/resource/Fly_Away_Home
501,http://dbpedia.org/resource/Dumbo
502,http://dbpedia.org/resource/Bananas_(film)
503,http://dbpedia.org/resource/The_Candidate_(1972_film)
504,http://dbpedia.org/resource/Bonnie_and_Clyde_(film)
505,http://dbpedia.org/resource/Dial_M_for_Murder
506,http://dbpedia.org/resource/Rebel_Without_a_Cause
507,http://dbpedia.org/resource/A_Streetcar_Named_Desire_(1951_film)
508,http://dbpedia.org/resource/The_People_vs._Larry_Flynt
509,http://dbpedia.org/resource/My_Left_Foot
510,
511,http://dbpedia.org/resource/Lawrence_of_Arabia_(film)
512,http://dbpedia.org/resource/Wings_of_Desire
513,http://dbpedia.org/resource/The_Third_Man
514,http://dbpedia.org/resource/Annie_Hall
515,http://dbpedia.org/resource/Das_Boot
516,http://dbpedia.org/resource/Local_Hero_(film)
517,http://dbpedia.org/resource/Manhattan_(1979_film)
518,
519,http://dbpedia.org/resource/The_Treasure_of_the_Sierra_Madre_(film)
520,http://dbpedia.org/resource/The_Great_Escape_(film)
521,
522,http://dbpedia.org/resource/Down_by_Law_(film)
523,http://dbpedia.org/resource/Cool_Hand_Luke
524,http://dbpedia.org/resource/The_Great_Dictator
525,http://dbpedia.org/resource/The_Big_Sleep_(1946_film)
526,http://dbpedia.org/resource/Ben-Hur_(1959_film)
527,http://dbpedia.org/resource/Gandhi_(film)
528,http://dbpedia.org/resource/The_Killing_Fields_(film)
529,http://dbpedia.org/resource/My_Life_as_a_Dog
530,http://dbpedia.org/resource/The_Man_Who_Would_Be_King_(film)
531,http://dbpedia.org/resource/Shine_(film)
532,http://dbpedia.org/resource/Kama_Sutra:_A_Tale_of_Love
533,http://dbpedia.org/resource/The_Daytrippers
534,http://dbpedia.org/resource/Traveller_(1997_film)
535,http://dbpedia.org/resource/Addicted_to_Love_(film)
536,http://dbpedia.org/resource/Ponette
537,http://dbpedia.org/resource/My_Own_Private_Idaho
538,http://dbpedia.org/resource/Anastasia_(1997_film)
539,http://dbpedia.org/resource/Mouse_Hunt
540,http://dbpedia.org/resource/Money_Train
541,http://dbpedia.org/resource/Mortal_Kombat_(1995_film)
542,http://dbpedia.org/resource/Pocahontas:_The_Legend
543,http://dbpedia.org/resource/Les_Misérables_(1995_film)
544,http://dbpedia.org/resource/Things_to_Do_in_Denver_When_You're_Dead
545,http://dbpedia.org/resource/Vampire_in_Brooklyn
546,http://dbpedia.org/resource/Broken_Arrow_(1996_film)
547,http://dbpedia.org/resource/The_Young_Poisoner's_Handbook
548,http://dbpedia.org/resource/The_NeverEnding_Story_III
549,http://dbpedia.org/resource/Rob_Roy_(1995_film)
550,http://dbpedia.org/resource/Die_Hard_with_a_Vengeance
551,http://dbpedia.org/resource/Lord_of_Illusions
552,http://dbpedia.org/resource/Species_(film)
553,http://dbpedia.org/resource/A_Walk_in_the_Clouds
554,http://dbpedia.org/resource/Waterworld
555,http://dbpedia.org/resource/White_Man's_Burden_(film)
556,http://dbpedia.org/resource/Wild_Bill_(1995_film)
557,
558,http://dbpedia.org/resource/Heavenly_Creatures
559,http://dbpedia.org/resource/Interview_with_the_Vampire_(film)
560,http://dbpedia.org/resource/A_Kid_in_King_Arthur's_Court
561,http://dbpedia.org/resource/Mary_Shelley's_Frankenstein_(film)
562,http://dbpedia.org/resource/The_Quick_and_the_Dead_(1995_film)
563,
564,http://dbpedia.org/resource/Tales_from_the_Hood
565,http://dbpedia.org/resource/Village_of_the_Damned_(1995_film)
566,http://dbpedia.org/resource/Clear_and_Present_Danger_(film)
567,http://dbpedia.org/resource/Wes_Craven's_New_Nightmare
568,http://dbpedia.org/resource/Speed_(1994_film)
569,http://dbpedia.org/resource/Wolf_(1994_film)
570,http://dbpedia.org/resource/Wyatt_Earp_(film)
571,http://dbpedia.org/resource/Another_Stakeout
572,http://dbpedia.org/resource/Blown_Away_(1994_film)
573,http://dbpedia.org/resource/Body_Snatchers_(1993_film)
574,http://dbpedia.org/resource/Boxing_Helena
575,http://dbpedia.org/resource/City_Slickers_II:_The_Legend_of_Curly's_Gold
576,http://dbpedia.org/resource/Cliffhanger_(film)
577,http://dbpedia.org/resource/Coneheads_(film)
578,http://dbpedia.org/resource/Demolition_Man_(film)
579,http://dbpedia.org/resource/Fatal_Instinct
580,http://dbpedia.org/resource/The_Englishman_who_Went_up_a_Hill_but_Came_down_a_Mountain
581,http://dbpedia.org/resource/Kalifornia
582,http://dbpedia.org/resource/The_Piano
583,http://dbpedia.org/resource/Romeo_Is_Bleeding
584,
585,http://dbpedia.org/resource/Son_in_Law
586,http://dbpedia.org/resource/Terminal_Velocity_(film)
587,http://dbpedia.org/resource/The_Hour_of_the_Pig
588,http://dbpedia.org/resource/Beauty_and_the_Beast_(1991_film)
589,http://dbpedia.org/resource/The_Wild_Bunch
590,http://dbpedia.org/resource/Hellraiser:_Bloodline
591,http://dbpedia.org/resource/Primal_Fear_(film)
592,
593,http://dbpedia.org/resource/Stalingrad_(1993_film)
594,http://dbpedia.org/resource/Heavy_(film)
595,http://dbpedia.org/resource/The_Fan_(1996_film)
596,http://dbpedia.org/resource/The_Hunchback_of_Notre_Dame_(1996_film)
597,http://dbpedia.org/resource/Eraser_(film)
598,
599,
600,
601,http://dbpedia.org/resource/For_Whom_the_Bell_Tolls_(film)
602,http://dbpedia.org/resource/An_American_in_Paris_(film)
603,http://dbpedia.org/resource/Rear_Window
604,http://dbpedia.org/resource/It_Happened_One_Night
605,http://dbpedia.org/resource/Meet_Me_in_St._Louis
606,http://dbpedia.org/resource/All_About_Eve
607,http://dbpedia.org/resource/Rebecca_(1940_film)
608,http://dbpedia.org/resource/Spellbound_(1945_film)
609,http://dbpedia.org/resource/Father_of_the_Bride_(1950_film)
610,http://dbpedia.org/resource/Gigi_(1958_film)
611,http://dbpedia.org/resource/Laura_(1944_film)
612,http://dbpedia.org/resource/Lost_Horizon_(1937_film)
613,http://dbpedia.org/resource/My_Man_Godfrey
614,http://dbpedia.org/resource/Giant_(1956_film)
615,http://dbpedia.org/resource/The_39_Steps_(1935_film)
616,http://dbpedia.org/resource/Night_of_the_Living_Dead
617,http://dbpedia.org/resource/The_Blue_Angel
618,http://dbpedia.org/resource/Picnic_(1955_film)
619,http://dbpedia.org/resource/Extreme_Measures
620,http://dbpedia.org/resource/The_Chamber_(1996_film)
621,
622,http://dbpedia.org/resource/Swiss_Family_Robinson_(1960_film)
623,http://dbpedia.org/resource/Angels_in_the_Outfield_(1994_film)
624,
625,http://dbpedia.org/resource/The_Sword_in_the_Stone_(1963_film)
626,
627,
628,http://dbpedia.org/resource/Sleepers
629,http://dbpedia.org/resource/Victor/Victoria
630,http://dbpedia.org/resource/The_Great_Race
631,http://dbpedia.org/resource/The_Crying_Game
632,http://dbpedia.org/resource/Sophie's_Choice_(film)
633,http://dbpedia.org/resource/A_Christmas_Carol_(1938_film)
634,http://dbpedia.org/resource/Microcosmos_(film)
635,http://dbpedia.org/resource/The_Fog
636,http://dbpedia.org/resource/Escape_from_New_York
637,http://dbpedia.org/resource/The_Howling_(film)
638,http://dbpedia.org/resource/The_Return_of_Martin_Guerre
639,http://dbpedia.org/resource/The_Tin_Drum_(film)
640,"http://dbpedia.org/resource/The_Cook,_the_Thief,_His_Wife_&_Her_Lover"
641,http://dbpedia.org/resource/Paths_of_Glory
642,http://dbpedia.org/resource/The_Grifters_(film)
643,http://dbpedia.org/resource/The_Innocent_(1994_film)
644,http://dbpedia.org/resource/The_Thin_Blue_Line_(1988_film)
645,http://dbpedia.org/resource/Paris_Is_Burning_(film)
646,
647,http://dbpedia.org/resource/Ran_(film)
648,http://dbpedia.org/resource/The_Quiet_Man
649,http://dbpedia.org/resource/Once_Upon_a_Time_in_America
650,http://dbpedia.org/resource/The_Seventh_Seal
651,http://dbpedia.org/resource/Glory_(1989_film)
652,http://dbpedia.org/resource/Rosencrantz_&_Guildenstern_Are_Dead_(film)
653,http://dbpedia.org/resource/Touch_of_Evil
654,http://dbpedia.org/resource/Chinatown_(1974_film)
655,http://dbpedia.org/resource/Stand_by_Me_(film)
656,http://dbpedia.org/resource/Men_Like_These
657,http://dbpedia.org/resource/The_Manchurian_Candidate_(1962_film)
658,http://dbpedia.org/resource/Pump_Up_the_Volume_(film)
659,http://dbpedia.org/resource/Arsenic_and_Old_Lace_(film)
660,http://dbpedia.org/resource/Fried_Green_Tomatoes
661,http://dbpedia.org/resource/High_Noon
662,http://dbpedia.org/resource/Somewhere_in_Time_(film)
663,http://dbpedia.org/resource/Being_There
664,
665,http://dbpedia.org/resource/Alien_3
666,http://dbpedia.org/resource/Blood_for_Dracula
667,http://dbpedia.org/resource/Audrey_Rose_(film)
668,http://dbpedia.org/resource/Blood_Beach
669,http://dbpedia.org/resource/Body_Parts_(film)
670,http://dbpedia.org/resource/Body_Snatchers_(1993_film)
671,http://dbpedia.org/resource/Bride_of_Frankenstein
672,http://dbpedia.org/resource/Candyman_(1992_film)
673,http://dbpedia.org/resource/Cape_Fear_(1962_film)
674,http://dbpedia.org/resource/Cat_People_(1982_film)
675,http://dbpedia.org/resource/Nosferatu
676,http://dbpedia.org/resource/The_Crucible_(1996_film)
677,http://dbpedia.org/resource/Fire_on_the_Mountain_(1996_film)
678,http://dbpedia.org/resource/Volcano_(1997_film)
679,
680,http://dbpedia.org/resource/Kull_the_Conqueror
681,http://dbpedia.org/resource/Wishmaster_(film)
682,http://dbpedia.org/resource/I_Know_What_You_Did_Last_Summer
683,http://dbpedia.org/resource/RocketMan
684,http://dbpedia.org/resource/In_the_Line_of_Fire
685,http://dbpedia.org/resource/Executive_Decision
686,http://dbpedia.org/resource/A_Perfect_World
687,http://dbpedia.org/resource/McHale's_Navy_(1997_film)
688,http://dbpedia.org/resource/Leave_It_to_Beaver_(film)
689,http://dbpedia.org/resource/The_Jackal_(1997_film)
690,http://dbpedia.org/resource/Seven_Years_in_Tibet_(1997_film)
691,http://dbpedia.org/resource/Dark_City_(1998_film)
692,http://dbpedia.org/resource/The_American_President
693,http://dbpedia.org/resource/Casino_(1995_film)
694,http://dbpedia.org/resource/Persuasion_(1995_film)
695,http://dbpedia.org/resource/Kicking_and_Screaming_(1995_film)
696,http://dbpedia.org/resource/City_Hall_(1996_film)
697,http://dbpedia.org/resource/The_Basketball_Diaries_(film)
698,http://dbpedia.org/resource/The_Browning_Version_(1994_film)
699,http://dbpedia.org/resource/Little_Women_(1994_film)
700,http://dbpedia.org/resource/Miami_Rhapsody
701,http://dbpedia.org/resource/The_Wonderful_Horrible_Life_of_Leni_Riefenstahl
702,http://dbpedia.org/resource/Barcelona_(film)
703,http://dbpedia.org/resource/Widows'_Peak
704,http://dbpedia.org/resource/The_House_of_the_Spirits_(film)
705,http://dbpedia.org/resource/Singin'_in_the_Rain
706,http://dbpedia.org/resource/Bad_Moon
707,http://dbpedia.org/resource/Enchanted_April_(1991_film)
708,
709,http://dbpedia.org/resource/Strictly_Ballroom
710,http://dbpedia.org/resource/Better_Off_Dead_(film)
711,
712,http://dbpedia.org/resource/Tin_Men
713,http://dbpedia.org/resource/Othello_(1995_film)
714,http://dbpedia.org/resource/Carrington_(film)
715,http://dbpedia.org/resource/To_Die_For
716,http://dbpedia.org/resource/Home_for_the_Holidays_(1995_film)
717,http://dbpedia.org/resource/The_Juror
718,http://dbpedia.org/resource/In_the_Bleak_Midwinter_(film)
719,
720,http://dbpedia.org/resource/First_Knight
721,http://dbpedia.org/resource/Mallrats
722,http://dbpedia.org/resource/Nine_Months
723,http://dbpedia.org/resource/Boys_on_the_Side
724,http://dbpedia.org/resource/Circle_of_Friends_(1995_film)
725,http://dbpedia.org/resource/Exit_to_Eden_(film)
726,http://dbpedia.org/resource/Fluke_(film)
727,http://dbpedia.org/resource/Immortal_Beloved_(1994_film)
728,
729,http://dbpedia.org/resource/Nell_(film)
730,http://dbpedia.org/resource/La_Reine_Margot_(1994_film)
731,"http://dbpedia.org/resource/Corrina,_Corrina_(film)"
732,http://dbpedia.org/resource/Dave_(film)
733,
734,http://dbpedia.org/resource/Made_in_America_(1993_film)
735,http://dbpedia.org/resource/Philadelphia_(film)
736,http://dbpedia.org/resource/Shadowlands_(1993_film)
737,http://dbpedia.org/resource/Sirens_(1994_film)
738,http://dbpedia.org/resource/Threesome_(1994_film)
739,http://dbpedia.org/resource/Pretty_Woman
740,http://dbpedia.org/resource/Jane_Eyre_(1996_film)
741,http://dbpedia.org/resource/The_Last_Supper_(1995_film)
742,http://dbpedia.org/resource/Ransom_(1996_film)
743,http://dbpedia.org/resource/The_Crow:_City_of_Angels
744,http://dbpedia.org/resource/Michael_Collins_(film)
745,http://dbpedia.org/resource/The_Ruling_Class_(film)
746,http://dbpedia.org/resource/Real_Genius
747,http://dbpedia.org/resource/Benny_&_Joon
748,http://dbpedia.org/resource/The_Saint_(1997_film)
749,http://dbpedia.org/resource/The_Matchmaker_(1997_film)
750,http://dbpedia.org/resource/Amistad_(film)
751,http://dbpedia.org/resource/Tomorrow_Never_Dies
752,http://dbpedia.org/resource/The_Replacement_Killers
753,http://dbpedia.org/resource/Burnt_by_the_Sun
754,http://dbpedia.org/resource/Red_Corner
755,http://dbpedia.org/resource/Jumanji
756,http://dbpedia.org/resource/Father_of_the_Bride_Part_II
757,http://dbpedia.org/resource/Across_the_Sea_of_Time
758,http://dbpedia.org/resource/Lawnmower_Man_2:_Beyond_Cyberspace
759,http://dbpedia.org/resource/Fair_Game_(1995_film)
760,http://dbpedia.org/resource/Screamers_(1995_film)
761,http://dbpedia.org/resource/Nick_of_Time_(film)
762,http://dbpedia.org/resource/Beautiful_Girls_(film)
763,http://dbpedia.org/resource/Happy_Gilmore
764,http://dbpedia.org/resource/If_Lucy_Fell
765,http://dbpedia.org/resource/Boomerang_(1992_film)
766,http://dbpedia.org/resource/Man_of_the_Year_(1995_film)
767,http://dbpedia.org/resource/The_Addiction
768,http://dbpedia.org/resource/Casper_(film)
769,http://dbpedia.org/resource/Congo_(film)
770,http://dbpedia.org/resource/Devil_in_a_Blue_Dress_(film)
771,http://dbpedia.org/resource/Johnny_Mnemonic_(film)
772,http://dbpedia.org/resource/Kids_(film)
773,
774,http://dbpedia.org/resource/The_Prophecy
775,http://dbpedia.org/resource/Something_to_Talk_About_(film)
776,http://dbpedia.org/resource/Three_Wishes_(film)
777,http://dbpedia.org/resource/Castle_Freak
778,http://dbpedia.org/resource/Don_Juan_DeMarco
779,http://dbpedia.org/resource/Drop_Zone_(film)
780,http://dbpedia.org/resource/Dumb_and_Dumber
781,http://dbpedia.org/resource/French_Kiss_(1995_film)
782,http://dbpedia.org/resource/Little_Odessa_(film)
783,http://dbpedia.org/resource/Milk_Money_(film)
784,
785,http://dbpedia.org/resource/Only_You_(1994_film)
786,http://dbpedia.org/resource/The_Perez_Family
787,http://dbpedia.org/resource/Roommates_(1995_film)
788,http://dbpedia.org/resource/Relative_Fear
789,
790,http://dbpedia.org/resource/Tommy_Boy
791,http://dbpedia.org/resource/The_Baby-Sitters_Club_(film)
792,http://dbpedia.org/resource/Bullets_Over_Broadway
793,http://dbpedia.org/resource/Crooklyn
794,http://dbpedia.org/resource/It_Could_Happen_to_You_(1994_film)
795,http://dbpedia.org/resource/Richie_Rich_(film)
796,http://dbpedia.org/resource/Speechless_(1994_film)
797,http://dbpedia.org/resource/Timecop
798,http://dbpedia.org/resource/Bad_Company_(1995_film)
799,http://dbpedia.org/resource/Boys_Life_(film)
800,http://dbpedia.org/resource/In_the_Mouth_of_Madness
801,http://dbpedia.org/resource/The_Air_Up_There
802,http://dbpedia.org/resource/Hard_Target
803,http://dbpedia.org/resource/Heaven_&_Earth_(1993_film)
804,http://dbpedia.org/resource/Jimmy_Hollywood
805,http://dbpedia.org/resource/Manhattan_Murder_Mystery
806,http://dbpedia.org/resource/Menace_II_Society
807,http://dbpedia.org/resource/Poetic_Justice_(film)
808,http://dbpedia.org/resource/The_Program_(1993_film)
809,
810,http://dbpedia.org/resource/The_Shadow_(1994_film)
811,http://dbpedia.org/resource/Thirty_Two_Short_Films_About_Glenn_Gould
812,http://dbpedia.org/resource/Andre_(film)
813,http://dbpedia.org/resource/The_Celluloid_Closet
814,http://dbpedia.org/resource/A_Great_Day_in_Harlem_(film)
815,http://dbpedia.org/resource/One_Fine_Day_(film)
816,http://dbpedia.org/resource/Candyman:_Farewell_to_the_Flesh
817,http://dbpedia.org/resource/Frisk_(film)
818,http://dbpedia.org/resource/Girl_6
819,http://dbpedia.org/resource/Eddie_(film)
820,http://dbpedia.org/resource/Space_Jam
821,http://dbpedia.org/resource/Mrs._Winterbourne
822,http://dbpedia.org/resource/Faces_(1968_film)
823,http://dbpedia.org/resource/Mulholland_Falls
824,http://dbpedia.org/resource/The_Great_White_Hype
825,http://dbpedia.org/resource/The_Arrival_(1996_film)
826,http://dbpedia.org/resource/The_Phantom_(1996_film)
827,http://dbpedia.org/resource/Daylight_(1996_film)
828,http://dbpedia.org/resource/Alaska_(1996_film)
829,http://dbpedia.org/resource/Fled
830,
831,http://dbpedia.org/resource/Escape_from_L.A.
832,http://dbpedia.org/resource/Bogus_(film)
833,http://dbpedia.org/resource/Bulletproof_(1996_film)
834,http://dbpedia.org/resource/Halloween:_The_Curse_of_Michael_Myers
835,http://dbpedia.org/resource/The_Gay_Divorcee
836,http://dbpedia.org/resource/Ninotchka
837,http://dbpedia.org/resource/Meet_John_Doe
838,
839,
840,http://dbpedia.org/resource/Last_Man_Standing_(1996_film)
841,http://dbpedia.org/resource/The_Glimmer_Man
842,http://dbpedia.org/resource/Pollyanna_(1960_film)
843,http://dbpedia.org/resource/The_Shaggy_Dog_(1959_film)
844,http://dbpedia.org/resource/Freeway_(1996_film)
845,http://dbpedia.org/resource/That_Thing_You_Do!
846,http://dbpedia.org/resource/To_Gillian_on_Her_37th_Birthday
847,http://dbpedia.org/resource/Looking_for_Richard
848,
849,http://dbpedia.org/resource/Days_of_Thunder
850,http://dbpedia.org/resource/A_Perfect_Candidate
851,
852,
853,http://dbpedia.org/resource/Braindead_(film)
854,http://dbpedia.org/resource/Bad_Taste
855,http://dbpedia.org/resource/Diva_(1981_film)
856,http://dbpedia.org/resource/Night_on_Earth
857,
858,http://dbpedia.org/resource/Amityville_Dollhouse
859,http://dbpedia.org/resource/April_Fool's_Day_(1986_film)
860,http://dbpedia.org/resource/The_Believers
861,
862,http://dbpedia.org/resource/Jingle_All_the_Way
863,http://dbpedia.org/resource/The_Garden_of_the_Finzi-Continis_(film)
864,http://dbpedia.org/resource/My_Fellow_Americans
865,http://dbpedia.org/resource/The_Ice_Storm_(film)
866,http://dbpedia.org/resource/Michael_(1996_film)
867,http://dbpedia.org/resource/The_Whole_Wide_World
868,
869,http://dbpedia.org/resource/Fools_Rush_In_(1997_film)
870,http://dbpedia.org/resource/Touch_(1997_film)
871,http://dbpedia.org/resource/Vegas_Vacation
872,http://dbpedia.org/resource/Love_Jones_(film)
873,http://dbpedia.org/resource/Picture_Perfect_(1997_film)
874,http://dbpedia.org/resource/Career_Girls
875,http://dbpedia.org/resource/She's_So_Lovely
876,
877,http://dbpedia.org/resource/Excess_Baggage_(1997_film)
878,
879,http://dbpedia.org/resource/The_Peacemaker_(1997_film)
880,http://dbpedia.org/resource/Soul_Food_(film)
881,
882,http://dbpedia.org/resource/Washington_Square_(film)
883,http://dbpedia.org/resource/Telling_Lies_in_America
884,http://dbpedia.org/resource/Year_of_the_Horse
885,http://dbpedia.org/resource/Phantoms_(film)
886,http://dbpedia.org/resource/A_Life_Less_Ordinary
887,http://dbpedia.org/resource/Eve's_Bayou
888,http://dbpedia.org/resource/One_Night_Stand_(1997_film)
889,http://dbpedia.org/resource/The_Tango_Lesson
890,http://dbpedia.org/resource/Mortal_Kombat:_Annihilation
891,http://dbpedia.org/resource/Bent_(1997_film)
892,http://dbpedia.org/resource/Flubber_(film)
893,http://dbpedia.org/resource/For_Richer_or_Poorer
894,http://dbpedia.org/resource/Home_Alone_3
895,http://dbpedia.org/resource/Scream_2
896,http://dbpedia.org/resource/The_Sweet_Hereafter_(film)
897,
898,
899,http://dbpedia.org/resource/The_Winter_Guest
900,http://dbpedia.org/resource/Kundun
901,http://dbpedia.org/resource/Mr._Magoo_(film)
902,http://dbpedia.org/resource/The_Big_Lebowski
903,http://dbpedia.org/resource/Afterglow_(1997_film)
904,http://dbpedia.org/resource/Ma_vie_en_rose
905,http://dbpedia.org/resource/Great_Expectations_(1998_film)
906,
907,
908,http://dbpedia.org/resource/Half_Baked
909,http://dbpedia.org/resource/Dangerous_Beauty
910,http://dbpedia.org/resource/Nil_by_Mouth_(film)
911,http://dbpedia.org/resource/Twilight_(1998_film)
912,
913,http://dbpedia.org/resource/Love_and_Death_on_Long_Island
914,
915,http://dbpedia.org/resource/Primary_Colors_(film)
916,http://dbpedia.org/resource/Lost_in_Space_(film)
917,http://dbpedia.org/resource/Mercury_Rising
918,
919,http://dbpedia.org/resource/The_City_of_Lost_Children
920,http://dbpedia.org/resource/Two_Bits
921,http://dbpedia.org/resource/Farewell_My_Concubine_(film)
922,http://dbpedia.org/resource/Dead_Man
923,http://dbpedia.org/resource/Raise_the_Red_Lantern
924,
925,http://dbpedia.org/resource/Unforgettable_(1996_film)
926,http://dbpedia.org/resource/Down_Periscope
927,http://dbpedia.org/resource/The_Flower_of_My_Secret
928,http://dbpedia.org/resource/The_Craft_(film)
929,http://dbpedia.org/resource/Harriet_the_Spy_(film)
930,http://dbpedia.org/resource/Chain_Reaction_(1996_film)
931,http://dbpedia.org/resource/The_Island_of_Dr._Moreau_(1996_film)
932,http://dbpedia.org/resource/First_Kid
933,http://dbpedia.org/resource/The_Funeral_(1996_film)
934,http://dbpedia.org/resource/The_Preacher's_Wife
935,http://dbpedia.org/resource/Paradise_Road_(1997_film)
936,http://dbpedia.org/resource/Brassed_Off
937,http://dbpedia.org/resource/A_Thousand_Acres_(film)
938,http://dbpedia.org/resource/A_Smile_Like_Yours
939,http://dbpedia.org/resource/Murder_in_the_First_(film)
940,http://dbpedia.org/resource/Airheads
941,http://dbpedia.org/resource/With_Honors_(film)
942,http://dbpedia.org/resource/What's_Love_Got_to_Do_with_It_(1993_film)
943,
944,http://dbpedia.org/resource/Renaissance_Man_(film)
945,http://dbpedia.org/resource/Charade_(1963_film)
946,http://dbpedia.org/resource/The_Fox_and_the_Hound
947,http://dbpedia.org/resource/The_Big_Blue
948,http://dbpedia.org/resource/Booty_Call
949,http://dbpedia.org/resource/How_to_Make_an_American_Quilt
950,http://dbpedia.org/resource/Georgia_(1995_film)
951,http://dbpedia.org/resource/The_Indian_in_the_Cupboard_(film)
952,http://dbpedia.org/resource/Blue_in_the_Face
953,http://dbpedia.org/resource/Unstrung_Heroes
954,http://dbpedia.org/resource/Unzipped_(film)
955,http://dbpedia.org/resource/Before_Sunrise
956,http://dbpedia.org/resource/Nobody's_Fool_(1994_film)
957,http://dbpedia.org/resource/Pushing_Hands_(film)
958,http://dbpedia.org/resource/To_Live_(1994_film)
959,http://dbpedia.org/resource/Dazed_and_Confused_(film)
960,http://dbpedia.org/resource/Naked_(1993_film)
961,
962,http://dbpedia.org/resource/Ruby_in_Paradise
963,
964,http://dbpedia.org/resource/A_Month_by_the_Lake
965,http://dbpedia.org/resource/Funny_Face
966,http://dbpedia.org/resource/An_Affair_to_Remember
967,http://dbpedia.org/resource/Little_Lord_Fauntleroy_(1936_film)
968,http://dbpedia.org/resource/The_Inspector_General_(1949_film)
969,
970,http://dbpedia.org/resource/Hear_My_Song
971,http://dbpedia.org/resource/Mediterraneo
972,http://dbpedia.org/resource/Passion_Fish
973,
974,http://dbpedia.org/resource/Eye_for_an_Eye_(1996_film)
975,http://dbpedia.org/resource/Fear_(1996_film)
976,http://dbpedia.org/resource/Solo_(1996_film)
977,http://dbpedia.org/resource/The_Substitute
978,http://dbpedia.org/resource/Heaven's_Prisoners
979,http://dbpedia.org/resource/The_Trigger_Effect
980,http://dbpedia.org/resource/Mother_Night_(film)
981,http://dbpedia.org/resource/Dangerous_Ground_(1997_film)
982,http://dbpedia.org/resource/Maximum_Risk
983,http://dbpedia.org/resource/The_Rich_Man's_Wife
984,http://dbpedia.org/resource/Shadow_Conspiracy
985,
986,http://dbpedia.org/resource/Turbulence_(1997_film)
987,
988,http://dbpedia.org/resource/The_Beautician_and_the_Beast
989,http://dbpedia.org/resource/Cats_Don't_Dance
990,http://dbpedia.org/resource/Anna_Karenina_(1997_film)
991,http://dbpedia.org/resource/Keys_to_Tulsa
992,http://dbpedia.org/resource/Head_Above_Water_(film)
993,http://dbpedia.org/resource/Hercules_(1997_film)
994,http://dbpedia.org/resource/The_Last_Time_I_Committed_Suicide
995,
996,http://dbpedia.org/resource/The_Big_Green
997,http://dbpedia.org/resource/Stuart_Saves_His_Family
998,http://dbpedia.org/resource/Cabin_Boy
999,http://dbpedia.org/resource/Clean_Slate_(1994_film)
1000,http://dbpedia.org/resource/Lightning_Jack
1001,http://dbpedia.org/resource/The_Stupids_(film)
1002,http://dbpedia.org/resource/The_Pest_(1997_film)
1003,
1004,http://dbpedia.org/resource/Geronimo:_An_American_Legend
1005,http://dbpedia.org/resource/The_Double_Life_of_Veronique
1006,http://dbpedia.org/resource/Until_the_End_of_the_World
1007,http://dbpedia.org/resource/Waiting_for_Guffman
1008,http://dbpedia.org/resource/I_Shot_Andy_Warhol
1009,http://dbpedia.org/resource/Stealing_Beauty
1010,http://dbpedia.org/resource/Basquiat_(film)
1011,http://dbpedia.org/resource/2_Days_in_the_Valley
1012,http://dbpedia.org/resource/Private_Parts_(1997_film)
1013,http://dbpedia.org/resource/Anaconda_(film)
1014,http://dbpedia.org/resource/Romy_and_Michele's_High_School_Reunion
1015,
1016,http://dbpedia.org/resource/Con_Air
1017,http://dbpedia.org/resource/Trees_Lounge
1018,http://dbpedia.org/resource/Tie_Me_Up!_Tie_Me_Down!
1019,http://dbpedia.org/resource/The_Killer_(1989_film)
1020,http://dbpedia.org/resource/Gaslight_(1944_film)
1021,http://dbpedia.org/resource/8½
1022,
1023,http://dbpedia.org/resource/Fathers'_Day_(1997_film)
1024,http://dbpedia.org/resource/Mrs_Dalloway_(film)
1025,http://dbpedia.org/resource/Fire_Down_Below_(1997_film)
1026,
1027,http://dbpedia.org/resource/The_Shooter_(1995_film)
1028,http://dbpedia.org/resource/Grumpier_Old_Men
1029,http://dbpedia.org/resource/Jury_Duty_(film)
1030,http://dbpedia.org/resource/The_Beverly_Hillbillies_(film)
1031,http://dbpedia.org/resource/Lassie_(1994_film)
1032,http://dbpedia.org/resource/Little_Big_League
1033,http://dbpedia.org/resource/Homeward_Bound_II:_Lost_in_San_Francisco
1034,http://dbpedia.org/resource/The_Quest_(1996_film)
1035,http://dbpedia.org/resource/Cool_Runnings
1036,http://dbpedia.org/resource/Drop_Dead_Fred
1037,http://dbpedia.org/resource/Grease_2
1038,http://dbpedia.org/resource/Switchback_(film)
1039,http://dbpedia.org/resource/Hamlet_(1996_film)
1040,http://dbpedia.org/resource/Two_If_by_Sea
1041,http://dbpedia.org/resource/Forget_Paris
1042,http://dbpedia.org/resource/Just_Cause_(film)
1043,http://dbpedia.org/resource/Rent-a-Kid
1044,http://dbpedia.org/resource/The_Paper_(film)
1045,http://dbpedia.org/resource/Fearless_(1993_film)
1046,http://dbpedia.org/resource/Malice_(1993_film)
1047,http://dbpedia.org/resource/Multiplicity_(film)
1048,http://dbpedia.org/resource/She's_the_One_(1996_film)
1049,http://dbpedia.org/resource/House_Arrest_(1996_film)
1050,http://dbpedia.org/resource/The_Ghost_and_Mrs._Muir
1051,http://dbpedia.org/resource/The_Associate_(1996_film)
1052,http://dbpedia.org/resource/Dracula:_Dead_and_Loving_It
1053,http://dbpedia.org/resource/Now_and_Then_(film)
1054,http://dbpedia.org/resource/Mr._Wrong
1055,http://dbpedia.org/resource/A_Simple_Twist_of_Fate
1056,
1057,http://dbpedia.org/resource/The_Pallbearer
1058,http://dbpedia.org/resource/The_War_(film)
1059,http://dbpedia.org/resource/Don't_Be_a_Menace_to_South_Central_While_Drinking_Your_Juice_in_the_Hood
1060,http://dbpedia.org/resource/The_Adventures_of_Pinocchio_(1996_film)
1061,http://dbpedia.org/resource/The_Evening_Star
1062,http://dbpedia.org/resource/Four_Days_in_September
1063,http://dbpedia.org/resource/A_Little_Princess_(1995_film)
1064,http://dbpedia.org/resource/Crossfire_(film)
1065,
1066,http://dbpedia.org/resource/Balto_(film)
1067,http://dbpedia.org/resource/Bottle_Rocket
1068,http://dbpedia.org/resource/The_Star_Maker_(1995_film)
1069,http://dbpedia.org/resource/Amateur_(1994_film)
1070,http://dbpedia.org/resource/Living_in_Oblivion
1071,http://dbpedia.org/resource/Party_Girl_(1995_film)
1072,http://dbpedia.org/resource/A_Pyromaniac's_Love_Story
1073,http://dbpedia.org/resource/Shallow_Grave_(1994_film)
1074,http://dbpedia.org/resource/Reality_Bites
1075,http://dbpedia.org/resource/A_Man_of_No_Importance_(film)
1076,http://dbpedia.org/resource/The_Pagemaster
1077,http://dbpedia.org/resource/Love_and_a_.45
1078,http://dbpedia.org/resource/Oliver_&_Company
1079,http://dbpedia.org/resource/Joe's_Apartment
1080,
1081,http://dbpedia.org/resource/Curdled_(film)
1082,http://dbpedia.org/resource/Female_Perversions
1083,http://dbpedia.org/resource/Albino_Alligator
1084,http://dbpedia.org/resource/Anne_Frank_Remembered
1085,http://dbpedia.org/resource/Carried_Away_(1996_film)
1086,
1087,
1088,http://dbpedia.org/resource/Double_Team_(film)
1089,http://dbpedia.org/resource/Speed_2:_Cruise_Control
1090,http://dbpedia.org/resource/Sliver_(film)
1091,http://dbpedia.org/resource/Pete's_Dragon_(1977_film)
1092,http://dbpedia.org/resource/Dear_God_(film)
1093,http://dbpedia.org/resource/Live_Nude_Girls
1094,http://dbpedia.org/resource/A_Thin_Line_Between_Love_and_Hate
1095,http://dbpedia.org/resource/High_School_High
1096,http://dbpedia.org/resource/Commandments_(film)
1097,http://dbpedia.org/resource/La_Haine
1098,http://dbpedia.org/resource/Flirting_with_Disaster_(film)
1099,
1100,http://dbpedia.org/resource/What_Happened_Was
1101,http://dbpedia.org/resource/Six_Degrees_of_Separation_(film)
1102,
1103,http://dbpedia.org/resource/Trust_(1990_film)
1104,http://dbpedia.org/resource/Man_Bites_Dog_(film)
1105,http://dbpedia.org/resource/Firestorm_(1998_film)
1106,http://dbpedia.org/resource/The_Newton_Boys
1107,http://dbpedia.org/resource/Beyond_Rangoon
1108,http://dbpedia.org/resource/Feast_of_July
1109,http://dbpedia.org/resource/Death_and_the_Maiden_(film)
1110,http://dbpedia.org/resource/Tank_Girl_(film)
1111,http://dbpedia.org/resource/Double_Happiness_(film)
1112,http://dbpedia.org/resource/Cobb_(film)
1113,http://dbpedia.org/resource/Mrs._Parker_and_the_Vicious_Circle
1114,http://dbpedia.org/resource/Faithful_(1996_film)
1115,http://dbpedia.org/resource/Twelfth_Night_(1996_film)
1116,http://dbpedia.org/resource/The_Mark_of_Zorro_(1940_film)
1117,http://dbpedia.org/resource/Surviving_Picasso
1118,http://dbpedia.org/resource/Up_in_Smoke
1119,http://dbpedia.org/resource/Some_Kind_of_Wonderful_(film)
1120,http://dbpedia.org/resource/I'm_Not_Rappaport_(film)
1121,http://dbpedia.org/resource/The_Umbrellas_of_Cherbourg
1122,http://dbpedia.org/resource/They_Made_Me_a_Criminal
1123,http://dbpedia.org/resource/The_Last_Time_I_Saw_Paris
1124,http://dbpedia.org/resource/A_Farewell_to_Arms_(1932_film)
1125,http://dbpedia.org/resource/The_Innocents_(1961_film)
1126,http://dbpedia.org/resource/The_Old_Man_and_the_Sea_(1958_film)
1127,http://dbpedia.org/resource/The_Truman_Show
1128,
1129,http://dbpedia.org/resource/Chungking_Express
1130,
1131,http://dbpedia.org/resource/Safe_(1995_film)
1132,http://dbpedia.org/resource/Feeling_Minnesota
1133,http://dbpedia.org/resource/Escape_to_Witch_Mountain_(1975_film)
1134,http://dbpedia.org/resource/Get_on_the_Bus
1135,http://dbpedia.org/resource/The_Doors_(film)
1136,http://dbpedia.org/resource/Ghosts_of_Mississippi
1137,http://dbpedia.org/resource/Beautiful_Thing_(film)
1138,http://dbpedia.org/resource/Best_Men
1139,http://dbpedia.org/resource/Hackers_(film)
1140,http://dbpedia.org/resource/The_Road_to_Wellville_(film)
1141,http://dbpedia.org/resource/The_War_Room
1142,http://dbpedia.org/resource/When_We_Were_Kings
1143,http://dbpedia.org/resource/Hard_Eight_(film)
1144,http://dbpedia.org/resource/The_Quiet_Room_(1996_film)
1145,http://dbpedia.org/resource/Blue_Chips
1146,http://dbpedia.org/resource/Calendar_Girl_(1993_film)
1147,http://dbpedia.org/resource/My_Family_(film)
1148,http://dbpedia.org/resource/Tom_&_Viv
1149,http://dbpedia.org/resource/Walkabout_(film)
1150,http://dbpedia.org/resource/Last_Dance_(1996_film)
1151,http://dbpedia.org/resource/Original_Gangstas
1152,http://dbpedia.org/resource/In_Love_and_War_(1996_film)
1153,
1154,http://dbpedia.org/resource/Alphaville_(film)
1155,http://dbpedia.org/resource/Rendezvous_in_Paris_(1995_film)
1156,http://dbpedia.org/resource/Cyclo_(film)
1157,http://dbpedia.org/resource/The_Relic
1158,http://dbpedia.org/resource/A_Single_Girl
1159,http://dbpedia.org/resource/Stalker_(1979_film)
1160,http://dbpedia.org/resource/Love!_Valour!_Compassion!_(film)
1161,
1162,http://dbpedia.org/resource/Phat_Beach
1163,http://dbpedia.org/resource/The_Portrait_of_a_Lady_(film)
1164,http://dbpedia.org/resource/Zeus_and_Roxanne
1165,http://dbpedia.org/resource/Big_Bully_(film)
1166,http://dbpedia.org/resource/Love_and_Human_Remains
1167,http://dbpedia.org/resource/The_Sum_of_Us_(film)
1168,
1169,http://dbpedia.org/resource/Fresh_(1994_film)
1170,http://dbpedia.org/resource/Spanking_the_Monkey
1171,http://dbpedia.org/resource/Wild_Reeds
1172,http://dbpedia.org/resource/The_Women_(1939_film)
1173,http://dbpedia.org/resource/Bliss_(1997_film)
1174,http://dbpedia.org/resource/Caught_(1996_film)
1175,http://dbpedia.org/resource/Hugo_Pool
1176,
1177,http://dbpedia.org/resource/Dunston_Checks_In
1178,
1179,http://dbpedia.org/resource/Man_of_the_House_(1995_film)
1180,http://dbpedia.org/resource/I_Love_Trouble_(1994_film)
1181,http://dbpedia.org/resource/A_Low_Down_Dirty_Shame
1182,http://dbpedia.org/resource/Cops_&_Robbersons
1183,http://dbpedia.org/resource/The_Cowboy_Way_(film)
1184,http://dbpedia.org/resource/The_Endless_Summer_II
1185,http://dbpedia.org/resource/In_the_Army_Now_(film)
1186,http://dbpedia.org/resource/The_Inkwell
1187,http://dbpedia.org/resource/Switchblade_Sisters
1188,http://dbpedia.org/resource/Young_Guns_II
1189,http://dbpedia.org/resource/Prefontaine_(film)
1190,http://dbpedia.org/resource/That_Old_Feeling_(film)
1191,http://dbpedia.org/resource/A_Letter_from_Death_Row_(film)
1192,
1193,http://dbpedia.org/resource/Before_the_Rain_(1994_film)
1194,http://dbpedia.org/resource/Once_Were_Warriors_(film)
1195,
1196,http://dbpedia.org/resource/Savage_Nights
1197,http://dbpedia.org/resource/A_Family_Thing
1198,http://dbpedia.org/resource/Purple_Noon
1199,http://dbpedia.org/resource/Cemetery_Man
1200,http://dbpedia.org/resource/Kim_(1950_film)
1201,
1202,
1203,http://dbpedia.org/resource/Top_Hat
1204,http://dbpedia.org/resource/To_Be_or_Not_to_Be_(1942_film)
1205,http://dbpedia.org/resource/The_Secret_Agent_(1996_film)
1206,http://dbpedia.org/resource/Amos_&_Andrew
1207,http://dbpedia.org/resource/Jade_(film)
1208,http://dbpedia.org/resource/Kiss_of_Death_(1995_film)
1209,http://dbpedia.org/resource/Mixed_Nuts
1210,http://dbpedia.org/resource/Virtuosity
1211,http://dbpedia.org/resource/Blue_Sky_(1994_film)
1212,http://dbpedia.org/resource/Flesh_and_Bone_(film)
1213,http://dbpedia.org/resource/Guilty_as_Sin
1214,http://dbpedia.org/resource/In_the_Realm_of_the_Senses
1215,http://dbpedia.org/resource/Barb_Wire_(1996_film)
1216,http://dbpedia.org/resource/Kissed
1217,http://dbpedia.org/resource/Assassins_(1995_film)
1218,http://dbpedia.org/resource/Friday_(1995_film)
1219,http://dbpedia.org/resource/A_Goofy_Movie
1220,http://dbpedia.org/resource/Higher_Learning
1221,http://dbpedia.org/resource/When_a_Man_Loves_a_Woman_(film)
1222,http://dbpedia.org/resource/Judgment_Night_(film)
1223,http://dbpedia.org/resource/King_of_the_Hill_(1993_film)
1224,http://dbpedia.org/resource/The_Scout_(1994_film)
1225,http://dbpedia.org/resource/Angus_(film)
1226,
1227,http://dbpedia.org/resource/An_Awfully_Big_Adventure
1228,http://dbpedia.org/resource/Under_Siege_2:_Dark_Territory
1229,
1230,http://dbpedia.org/resource/Prêt-à-Porter_(film)
1231,http://dbpedia.org/resource/Marked_for_Death
1232,http://dbpedia.org/resource/Madonna:_Truth_or_Dare
1233,http://dbpedia.org/resource/Nénette_and_Boni
1234,http://dbpedia.org/resource/Chairman_of_the_Board_(film)
1235,
1236,
1237,http://dbpedia.org/resource/Twisted_(1996_film)
1238,http://dbpedia.org/resource/Full_Speed_(1996_film)
1239,http://dbpedia.org/resource/Cutthroat_Island
1240,http://dbpedia.org/resource/Ghost_in_the_Shell_(1995_film)
1241,http://dbpedia.org/resource/The_Van_(1996_film)
1242,http://dbpedia.org/resource/The_Old_Lady_Who_Walked_in_the_Sea
1243,
1244,http://dbpedia.org/resource/Metro_(1997_film)
1245,http://dbpedia.org/resource/Gridlock'd
1246,http://dbpedia.org/resource/Bushwhacked_(film)
1247,http://dbpedia.org/resource/Bad_Girls_(1994_film)
1248,
1249,http://dbpedia.org/resource/For_Love_or_Money_(1993_film)
1250,http://dbpedia.org/resource/Best_of_the_Best_3:_No_Turning_Back
1251,http://dbpedia.org/resource/A_Chef_in_Love
1252,http://dbpedia.org/resource/Contempt_(film)
1253,http://dbpedia.org/resource/The_Tie_That_Binds_(1995_film)
1254,http://dbpedia.org/resource/Gone_Fishin'_(film)
1255,http://dbpedia.org/resource/Broken_English_(1996_film)
1256,http://dbpedia.org/resource/The_Designated_Mourner
1257,http://dbpedia.org/resource/The_Designated_Mourner
1258,http://dbpedia.org/resource/Trial_and_Error_(1997_film)
1259,http://dbpedia.org/resource/Pie_in_the_Sky_(1996_film)
1260,http://dbpedia.org/resource/Total_Eclipse_(film)
1261,http://dbpedia.org/resource/The_Run_of_the_Country
1262,http://dbpedia.org/resource/Walking_and_Talking
1263,http://dbpedia.org/resource/Foxfire_(1996_film)
1264,
1265,http://dbpedia.org/resource/Star_Maps_(film)
1266,
1267,
1268,http://dbpedia.org/resource/Bitter_Moon
1269,http://dbpedia.org/resource/Love_in_the_Afternoon_(1957_film)
1270,http://dbpedia.org/resource/Life_with_Mikey
1271,http://dbpedia.org/resource/North_(1994_film)
1272,
1273,http://dbpedia.org/resource/Color_of_Night
1274,http://dbpedia.org/resource/RoboCop_3
1275,
1276,
1277,http://dbpedia.org/resource/Set_It_Off_(film)
1278,http://dbpedia.org/resource/Selena_(film)
1279,http://dbpedia.org/resource/Wild_America_(film)
1280,http://dbpedia.org/resource/Gang_Related
1281,http://dbpedia.org/resource/Manny_&_Lo
1282,http://dbpedia.org/resource/The_Grass_Harp_(film)
1283,http://dbpedia.org/resource/Out_to_Sea
1284,http://dbpedia.org/resource/Before_and_After_(film)
1285,http://dbpedia.org/resource/Princess_Caraboo_(film)
1286,http://dbpedia.org/resource/Shall_We_Dance_(1937_film)
1287,http://dbpedia.org/resource/Ed_(film)
1288,http://dbpedia.org/resource/Denise_Calls_Up
1289,http://dbpedia.org/resource/Jack_and_Sarah
1290,http://dbpedia.org/resource/Country_Life_(film)
1291,http://dbpedia.org/resource/Celtic_Pride
1292,http://dbpedia.org/resource/A_Simple_Wish
1293,http://dbpedia.org/resource/Star_Kid
1294,
1295,http://dbpedia.org/resource/Kicked_in_the_Head_(film)
1296,http://dbpedia.org/resource/Indian_Summer_(1996_film)
1297,http://dbpedia.org/resource/Love_Affair_(1994_film)
1298,http://dbpedia.org/resource/The_Band_Wagon
1299,http://dbpedia.org/resource/Penny_Serenade
1300,http://dbpedia.org/resource/'Til_There_Was_You
1301,http://dbpedia.org/resource/Stripes_(film)
1302,
1303,http://dbpedia.org/resource/The_Getaway_(1994_film)
1304,
1305,http://dbpedia.org/resource/National_Lampoon's_Senior_Trip
1306,http://dbpedia.org/resource/Delta_of_Venus_(film)
1307,
1308,http://dbpedia.org/resource/Babyfever
1309,
1310,http://dbpedia.org/resource/A_Walk_in_the_Sun_(1945_film)
1311,http://dbpedia.org/resource/Waiting_to_Exhale
1312,http://dbpedia.org/resource/The_Pompatus_of_Love
1313,http://dbpedia.org/resource/Palmetto_(film)
1314,http://dbpedia.org/resource/Surviving_the_Game
1315,http://dbpedia.org/resource/Inventing_the_Abbotts
1316,http://dbpedia.org/resource/The_Horse_Whisperer_(film)
1317,http://dbpedia.org/resource/The_Journey_of_August_King
1318,http://dbpedia.org/resource/Catwalk_(film)
1319,http://dbpedia.org/resource/The_Neon_Bible_(film)
1320,
1321,
1322,
1323,http://dbpedia.org/resource/The_Wooden_Man's_Bride
1324,
1325,http://dbpedia.org/resource/August_(1996_film)
1326,http://dbpedia.org/resource/Boys_(1996_film)
1327,http://dbpedia.org/resource/Captives
1328,http://dbpedia.org/resource/Of_Love_and_Shadows
1329,
1330,http://dbpedia.org/resource/An_Unforgettable_Summer
1331,
1332,
1333,http://dbpedia.org/resource/Sibak:_Midnight_Dancers
1334,http://dbpedia.org/resource/Somebody_to_Love_(1994_film)
1335,http://dbpedia.org/resource/American_Buffalo_(film)
1336,http://dbpedia.org/resource/Kazaam
1337,http://dbpedia.org/resource/Larger_than_Life_(film)
1338,http://dbpedia.org/resource/Two_Deaths
1339,http://dbpedia.org/resource/Stefano_Quantestorie
1340,http://dbpedia.org/resource/The_Crude_Oasis
1341,http://dbpedia.org/resource/Hedd_Wyn_(film)
1342,http://dbpedia.org/resource/The_Convent_(1995_film)
1343,http://dbpedia.org/resource/Lotto_Land
1344,
1345,http://dbpedia.org/resource/The_Day_the_Sun_Turned_Cold
1346,
1347,http://dbpedia.org/resource/The_Ballad_of_Narayama_(1958_film)
1348,http://dbpedia.org/resource/Every_Other_Weekend_(film)
1349,http://dbpedia.org/resource/Mille_bolle_blu
1350,http://dbpedia.org/resource/Crows_and_Sparrows
1351,
1352,http://dbpedia.org/resource/Shadow_of_Angels
1353,http://dbpedia.org/resource/1-900_(film)
1354,http://dbpedia.org/resource/Venice/Venice
1355,http://dbpedia.org/resource/Infinity_(film)
1356,http://dbpedia.org/resource/Ed's_Next_Move
1357,
1358,
1359,
1360,http://dbpedia.org/resource/La_Vie_sexuelle_des_Belges_1950–1978
1361,http://dbpedia.org/resource/The_Search_for_One-eye_Jimmy
1362,http://dbpedia.org/resource/American_Strays
1363,
1364,
1365,http://dbpedia.org/resource/Johnny_100_Pesos
1366,
1367,http://dbpedia.org/resource/Faust_(1994_film)
1368,http://dbpedia.org/resource/Mina_Tannenbaum
1369,
1370,http://dbpedia.org/resource/I_Can't_Sleep_(film)
1371,
1372,
1373,
1374,http://dbpedia.org/resource/Falling_in_Love_Again_(1980_film)
1375,http://dbpedia.org/resource/The_Cement_Garden_(film)
1376,http://dbpedia.org/resource/Meet_Wally_Sparks
1377,http://dbpedia.org/resource/Hotel_de_Love
1378,http://dbpedia.org/resource/Rhyme_&_Reason_(film)
1379,http://dbpedia.org/resource/Love_and_Other_Catastrophes
1380,http://dbpedia.org/resource/Hollow_Reed
1381,http://dbpedia.org/resource/Losing_Chase
1382,http://dbpedia.org/resource/Le_Bonheur_(1965_film)
1383,http://dbpedia.org/resource/The_Second_Jungle_Book:_Mowgli_&_Baloo
1384,
1385,
1386,http://dbpedia.org/resource/Tetsuo_II:_Body_Hammer
1387,http://dbpedia.org/resource/Fall_(1997_film)
1388,http://dbpedia.org/resource/Gabbeh_(film)
1389,
1390,
1391,http://dbpedia.org/resource/For_Ever_Mozart
1392,http://dbpedia.org/resource/The_Locusts_(film)
1393,http://dbpedia.org/resource/Stag_(film)
1394,http://dbpedia.org/resource/Swept_from_the_Sea
1395,
1396,http://dbpedia.org/resource/Stonewall_(1995_film)
1397,http://dbpedia.org/resource/Of_Human_Bondage_(1934_film)
1398,http://dbpedia.org/resource/Annavra_Makkalu
1399,
1400,http://dbpedia.org/resource/Picture_Bride_(film)
1401,http://dbpedia.org/resource/M._Butterfly_(film)
1402,
1403,
1404,http://dbpedia.org/resource/Withnail_and_I
1405,
1406,http://dbpedia.org/resource/When_Night_Is_Falling
1407,http://dbpedia.org/resource/The_Specialist
1408,
1409,http://dbpedia.org/resource/The_Swan_Princess
1410,
1411,http://dbpedia.org/resource/Barbarella_(film)
1412,
1413,http://dbpedia.org/resource/Street_Fighter_(1994_film)
1414,http://dbpedia.org/resource/Coldblooded_(film)
1415,http://dbpedia.org/resource/The_Next_Karate_Kid
1416,http://dbpedia.org/resource/No_Escape_(1994_film)
1417,http://dbpedia.org/resource/The_Turning_(1992_film)
1418,http://dbpedia.org/resource/The_Joy_Luck_Club_(film)
1419,http://dbpedia.org/resource/Highlander_III:_The_Sorcerer
1420,
1421,
1422,http://dbpedia.org/resource/Suture_(film)
1423,http://dbpedia.org/resource/The_Walking_Dead_(1995_film)
1424,http://dbpedia.org/resource/I_Like_It_Like_That_(film)
1425,http://dbpedia.org/resource/I'll_Do_Anything
1426,http://dbpedia.org/resource/Grace_of_My_Heart
1427,http://dbpedia.org/resource/Drunks_(film)
1428,
1429,http://dbpedia.org/resource/Sliding_Doors
1430,http://dbpedia.org/resource/Ill_Gotten_Gains
1431,
1432,http://dbpedia.org/resource/The_Mighty
1433,
1434,http://dbpedia.org/resource/Shooting_Fish
1435,
1436,http://dbpedia.org/resource/Mr._Jones_(1993_film)
1437,http://dbpedia.org/resource/House_Party_3
1438,http://dbpedia.org/resource/Panther_(film)
1439,http://dbpedia.org/resource/Jason's_Lyric
1440,http://dbpedia.org/resource/Above_the_Rim
1441,http://dbpedia.org/resource/Moonlight_and_Valentino
1442,http://dbpedia.org/resource/The_Scarlet_Letter_(1995_film)
1443,http://dbpedia.org/resource/8_Seconds
1444,http://dbpedia.org/resource/That_Darn_Cat!
1445,"http://dbpedia.org/resource/Ladybird,_Ladybird_(film)"
1446,
1447,http://dbpedia.org/resource/Century_(film)
1448,http://dbpedia.org/resource/My_Favorite_Season
1449,http://dbpedia.org/resource/Pather_Panchali
1450,http://dbpedia.org/resource/Golden_Earrings
1451,http://dbpedia.org/resource/Foreign_Correspondent_(film)
1452,http://dbpedia.org/resource/Lady_of_Burlesque
1453,http://dbpedia.org/resource/Angel_on_My_Shoulder_(film)
1454,http://dbpedia.org/resource/Angel_and_the_Badman
1455,http://dbpedia.org/resource/The_Outlaw
1456,
1457,http://dbpedia.org/resource/Love_Is_All_There_Is
1458,http://dbpedia.org/resource/A_Damsel_in_Distress_(1937_film)
1459,http://dbpedia.org/resource/Madame_Butterfly_(1995_film)
1460,
1461,http://dbpedia.org/resource/Here_Comes_Cookie
1462,http://dbpedia.org/resource/Thieves_(1996_film)
1463,http://dbpedia.org/resource/Les_Boys
1464,http://dbpedia.org/resource/The_Stars_Fell_on_Henrietta
1465,http://dbpedia.org/resource/Last_Summer_in_the_Hamptons
1466,http://dbpedia.org/resource/Margaret's_Museum
1467,http://dbpedia.org/resource/The_Saint_of_Fort_Washington
1468,http://dbpedia.org/resource/The_Cure_(1995_film)
1469,
1470,http://dbpedia.org/resource/Gumby:_The_Movie
1471,http://dbpedia.org/resource/Hideaway_(1995_film)
1472,http://dbpedia.org/resource/Les_Visiteurs
1473,http://dbpedia.org/resource/The_Little_Princess_(1939_film)
1474,http://dbpedia.org/resource/Nina_Takes_a_Lover
1475,http://dbpedia.org/resource/Bhaji_on_the_Beach
1476,http://dbpedia.org/resource/Raw_Deal_(1948_film)
1477,http://dbpedia.org/resource/Nightwatch_(1997_film)
1478,http://dbpedia.org/resource/Dead_Presidents
1479,http://dbpedia.org/resource/Reckless_(1995_film)
1480,http://dbpedia.org/resource/Herbie_Rides_Again
1481,http://dbpedia.org/resource/S.F.W.
1482,http://dbpedia.org/resource/The_Gate_of_Heavenly_Peace_(film)
1483,http://dbpedia.org/resource/The_Man_in_the_Iron_Mask_(1998_film)
1484,
1485,
1486,http://dbpedia.org/resource/Girl_in_the_Cadillac
1487,http://dbpedia.org/resource/Even_Cowgirls_Get_the_Blues_(film)
1488,http://dbpedia.org/resource/Germinal_(1993_film)
1489,http://dbpedia.org/resource/Chasers
1490,
1491,
1492,
1493,
1494,http://dbpedia.org/resource/The_Monster_(1994_film)
1495,http://dbpedia.org/resource/Flirt_(1995_film)
1496,http://dbpedia.org/resource/Carpool_(1996_film)
1497,http://dbpedia.org/resource/The_Line_King:_The_Al_Hirschfeld_Story
1498,
1499,http://dbpedia.org/resource/Dead_Tired
1500,http://dbpedia.org/resource/Santa_with_Muscles
1501,http://dbpedia.org/resource/Prisoner_of_the_Mountains
1502,
1503,http://dbpedia.org/resource/Gold_Diggers:_The_Secret_of_Bear_Mountain
1504,http://dbpedia.org/resource/Der_bewegte_Mann
1505,http://dbpedia.org/resource/Killer:_A_Journal_of_Murder_(film)
1506,http://dbpedia.org/resource/Nelly_and_Mr._Arnaud
1507,http://dbpedia.org/resource/Three_Lives_and_Only_One_Death
1508,http://dbpedia.org/resource/The_Babysitter_(1995_film)
1509,http://dbpedia.org/resource/Getting_Even_with_Dad
1510,http://dbpedia.org/resource/Mad_Dog_Time
1511,http://dbpedia.org/resource/Children_of_the_Revolution_(1996_film)
1512,http://dbpedia.org/resource/The_World_of_Apu
1513,http://dbpedia.org/resource/Sprung_(film)
1514,http://dbpedia.org/resource/Dream_with_the_Fishes
1515,http://dbpedia.org/resource/Wings_of_Courage
1516,
1517,http://dbpedia.org/resource/Race_the_Sun_(film)
1518,http://dbpedia.org/resource/Losing_Isaiah
1519,http://dbpedia.org/resource/New_Jersey_Drive
1520,http://dbpedia.org/resource/The_Fear_(1995_film)
1521,http://dbpedia.org/resource/Mr._Wonderful_(film)
1522,http://dbpedia.org/resource/Trial_by_Jury_(film)
1523,http://dbpedia.org/resource/A_Good_Man_in_Africa
1524,
1525,http://dbpedia.org/resource/The_Object_of_My_Affection
1526,http://dbpedia.org/resource/Witness_(1985_film)
1527,http://dbpedia.org/resource/Senseless
1528,http://dbpedia.org/resource/Nowhere_(film)
1529,http://dbpedia.org/resource/Underground_(1995_film)
1530,http://dbpedia.org/resource/Jefferson_in_Paris
1531,http://dbpedia.org/resource/Far_from_Home:_The_Adventures_of_Yellow_Dog
1532,http://dbpedia.org/resource/Foreign_Student
1533,http://dbpedia.org/resource/I_Don't_Want_to_Talk_About_It_(film)
1534,http://dbpedia.org/resource/Twin_Town
1535,http://dbpedia.org/resource/Hell_(1994_film)
1536,http://dbpedia.org/resource/Vive_L'Amour
1537,http://dbpedia.org/resource/Cosi_(film)
1538,http://dbpedia.org/resource/All_Over_Me_(film)
1539,
1540,http://dbpedia.org/resource/The_Amazing_Panda_Adventure
1541,"http://dbpedia.org/resource/The_Beans_of_Egypt,_Maine"
1542,http://dbpedia.org/resource/The_Scarlet_Letter_(1926_film)
1543,http://dbpedia.org/resource/Johns_(film)
1544,http://dbpedia.org/resource/It_Takes_Two_(1995_film)
1545,http://dbpedia.org/resource/Frankie_Starlight
1546,http://dbpedia.org/resource/Shadows_in_the_Storm
1547,http://dbpedia.org/resource/The_Show_(1995_film)
1548,
1549,
1550,http://dbpedia.org/resource/Destiny_Turns_on_the_Radio
1551,http://dbpedia.org/resource/The_Glass_Shield
1552,http://dbpedia.org/resource/The_Hunted_(1995_film)
1553,
1554,http://dbpedia.org/resource/Safe_Passage_(film)
1555,http://dbpedia.org/resource/The_Secret_Adventures_of_Tom_Thumb
1556,http://dbpedia.org/resource/Condition_Red_(film)
1557,
1558,http://dbpedia.org/resource/Aparajito
1559,
1560,http://dbpedia.org/resource/Coup_de_Torchon
1561,
1562,http://dbpedia.org/resource/The_Eye_of_Vichy
1563,
1564,
1565,http://dbpedia.org/resource/Daens_(film)
1566,http://dbpedia.org/resource/The_Man_from_Down_Under
1567,http://dbpedia.org/resource/Careful_(1992_film)
1568,http://dbpedia.org/resource/Vermont_Is_for_Lovers
1569,http://dbpedia.org/resource/La_Vie_est_Belle_(1987_film)
1570,
1571,http://dbpedia.org/resource/Touki_Bouki
1572,
1573,http://dbpedia.org/resource/Spirits_of_the_Dead
1574,http://dbpedia.org/resource/Pharaoh's_Army
1575,
1576,http://dbpedia.org/resource/A_Hungarian_Fairy_Tale
1577,http://dbpedia.org/resource/Death_in_the_Garden
1578,http://dbpedia.org/resource/La_Collectionneuse
1579,
1580,http://dbpedia.org/resource/Liebelei
1581,http://dbpedia.org/resource/The_Woman_in_Question
1582,http://dbpedia.org/resource/T-Men
1583,
1584,http://dbpedia.org/resource/Pastoral_Symphony_(film)
1585,http://dbpedia.org/resource/American_Dream_(film)
1586,http://dbpedia.org/resource/Hard_Boiled
1587,http://dbpedia.org/resource/Terror_in_a_Texas_Town
1588,http://dbpedia.org/resource/Hi_Cousin!
1589,http://dbpedia.org/resource/Schizopolis
1590,
1591,
1592,
1593,
1594,http://dbpedia.org/resource/Everest_(1998_film)
1595,http://dbpedia.org/resource/Shopping_(1994_film)
1596,http://dbpedia.org/resource/Nemesis_2:_Nebula
1597,http://dbpedia.org/resource/Romper_Stomper
1598,http://dbpedia.org/resource/City_of_Industry_(film)
1599,http://dbpedia.org/resource/Someone_Else's_America
1600,
1601,http://dbpedia.org/resource/Office_Killer
1602,http://dbpedia.org/resource/A_Price_Above_Rubies
1603,http://dbpedia.org/resource/Angela_(1995_film)
1604,http://dbpedia.org/resource/He_Walked_by_Night
1605,http://dbpedia.org/resource/Love_Serenade
1606,http://dbpedia.org/resource/Deceiver_(film)
1607,
1608,http://dbpedia.org/resource/Buddy_(1997_film)
1609,http://dbpedia.org/resource/Same_Old_Song
1610,
1611,http://dbpedia.org/resource/Intimate_Relations_(1996_film)
1612,http://dbpedia.org/resource/The_Leading_Man
1613,http://dbpedia.org/resource/Tokyo_Fist
1614,http://dbpedia.org/resource/The_Reluctant_Debutante_(film)
1615,http://dbpedia.org/resource/Warriors_of_Virtue
1616,
1617,http://dbpedia.org/resource/Hugo_Pool
1618,http://dbpedia.org/resource/King_of_New_York
1619,
1620,http://dbpedia.org/resource/The_6th_Man
1621,http://dbpedia.org/resource/Butterfly_Kiss
1622,
1623,http://dbpedia.org/resource/La_Cérémonie
1624,http://dbpedia.org/resource/Hush_(1998_film)
1625,http://dbpedia.org/resource/Nightwatch_(1997_film)
1626,
1627,http://dbpedia.org/resource/The_Wife_(1995_film)
1628,http://dbpedia.org/resource/Lamerica
1629,
1630,http://dbpedia.org/resource/The_Silences_of_the_Palace
1631,http://dbpedia.org/resource/The_Slingshot_(film)
1632,http://dbpedia.org/resource/Land_and_Freedom_(film)
1633,
1634,http://dbpedia.org/resource/Under_the_Domim_Tree
1635,http://dbpedia.org/resource/Two_Friends_(1986_film)
1636,
1637,http://dbpedia.org/resource/Girls_Town_(1996_film)
1638,http://dbpedia.org/resource/Normal_Life
1639,http://dbpedia.org/resource/Azúcar_Amarga
1640,http://dbpedia.org/resource/The_Eighth_Day_(1996_film)
1641,
1642,http://dbpedia.org/resource/Some_Mother's_Son
1643,http://dbpedia.org/resource/Angel_Baby_(1995_film)
1644,http://dbpedia.org/resource/Sudden_Manhattan
1645,
1646,http://dbpedia.org/resource/Men_with_Guns
1647,http://dbpedia.org/resource/Hana-bi
1648,"http://dbpedia.org/resource/Niagara,_Niagara"
1649,http://dbpedia.org/resource/The_Big_One_(film)
1650,
1651,http://dbpedia.org/resource/The_Spanish_Prisoner
1652,http://dbpedia.org/resource/Temptress_Moon
1653,http://dbpedia.org/resource/Entertaining_Angels:_The_Dorothy_Day_Story
1654,http://dbpedia.org/resource/Chairman_of_the_Board_(film)
1655,http://dbpedia.org/resource/The_Favor_(1994_film)
1656,
1657,http://dbpedia.org/resource/Target_(1995_film)
1658,
1659,http://dbpedia.org/resource/Getting_Away_with_Murder_(film)
1660,
1661,http://dbpedia.org/resource/The_New_Age_(film)
1662,http://dbpedia.org/resource/Rough_Magic
1663,http://dbpedia.org/resource/Nothing_Personal_(1995_film)
1664,http://dbpedia.org/resource/8_Heads_in_a_Duffel_Bag
1665,http://dbpedia.org/resource/A_Brother's_Kiss
1666,
1667,
1668,http://dbpedia.org/resource/Wedding_Bell_Blues_(film)
1669,
1670,
1671,
1672,http://dbpedia.org/resource/Kika_(film)
1673,http://dbpedia.org/resource/Mirage_(1995_film)
1674,http://dbpedia.org/resource/Mamma_Roma
1675,http://dbpedia.org/resource/Sunchaser
1676,http://dbpedia.org/resource/The_War_at_Home_(1996_film)
1677,http://dbpedia.org/resource/Sweet_Nothing_(film)
1678,
1679,http://dbpedia.org/resource/B._Monkey
1680,http://dbpedia.org/resource/Sliding_Doors
1681,http://dbpedia.org/resource/You_So_Crazy
1682,http://dbpedia.org/resource/Scream_of_Stone
